"application_type","keywords","visual_style","landing_page","dashboard_layout","color_palette","essential_ux","ui_style_bias"
"SaaS (General)","saas, software, platform, app, tool, product, subscription, web app, cloud, service","Clean and confident with restrained use of color. Prioritize whitespace and visual hierarchy over decoration. Typography should feel modern-professional - not startup-playful, not enterprise-heavy. Avoid gradients, rounded-everything, and illustration-heavy styles that date quickly. The interface should feel like a tool people trust with daily work: calm, structured, and visually quiet so content and data can breathe. Density should be medium - not as sparse as a marketing site, not as packed as a trading terminal.","Hero section leads with the core value proposition in one sentence, not a feature list. Below the fold: three benefits (not features), each with a concrete outcome. Social proof section uses logos or a single compelling testimonial, not a wall of quotes. CTA is singular and high-contrast - never compete with secondary actions above the fold. Pricing section shows 2-3 tiers max with the recommended tier visually emphasized. Footer carries trust signals: security badges, compliance logos, support availability. Avoid: carousels, auto-playing videos, multiple competing CTAs, and hero images that say nothing about the product.","Left sidebar navigation with collapsible groups - keep top-level items concise and grouped logically. Main content area uses a 12-column grid with card-based sections for key metrics at the top. Tables and lists dominate the content area with consistent sort, filter, and search patterns. Right panel or modal for detail views - avoid full-page navigations that break context. Breadcrumbs for nested views. Status indicators use semantic colors consistently (green/amber/red). Empty states are helpful, not decorative - tell users what to do, not just that nothing is here. Avoid: tab overload, deeply nested navigation, dashboard widgets users cannot customize or dismiss.","Use a single primary brand color at 10-15% surface coverage - it should anchor the interface without overwhelming it. CTAs get the highest-saturation variant of the primary or a complementary accent; everything else stays neutral. Background is near-white or very light gray, never pure white (too clinical) or tinted (dates fast). Text is near-black on light backgrounds with at least 4.5:1 contrast ratio. Semantic colors are reserved strictly for meaning: green for success, amber for warnings, red for errors and destructive actions - never use these as decorative accents. Dark mode inverts the luminance scale but keeps the same hue relationships; do not introduce new colors in dark mode. Avoid: using brand color for large background fills, rainbow status systems, low-contrast placeholder text, or gray-on-gray interactive elements.","Every action that modifies data needs a clear undo path or confirmation step - especially delete, bulk operations, and settings changes. Provide feedback for any operation exceeding 100ms - use skeleton screens for content areas, spinners only for discrete actions. Error messages appear inline next to the field that caused them, not in toast notifications that disappear before users read them. Forms should use a hybrid validation approach: validate format constraints on blur, validate complex rules on submit with an error summary linking to each field. Never clear a form after a validation error. Session timeout must warn before expiring and preserve unsaved work. Navigation should never lose unsaved changes without warning. Search must be forgiving: handle typos, partial matches, and return useful empty states. Keyboard shortcuts for power users, but never as the only path to an action. Onboarding should be progressive - reveal complexity as users demonstrate readiness, not in an upfront tutorial users will skip. Avoid: modals on top of modals, disabled buttons without explanation, pagination when infinite scroll fits, and confirmation dialogs for non-destructive actions.","Structured, professional, and calm UI; emphasizes whitespace, card grids, and restrained color. Focus on clarity and confidence over flair."
"Micro SaaS","micro saas, indie saas, niche tool, lightweight app, solo founder, small business, b2b tool, subscription","Utility-first and intentionally simple. Visual design should prioritize clarity and speed over polish. Use a small, consistent set of components with minimal layering. Typography should be readable and neutral, leaning friendly but never playful. Visual hierarchy must be obvious at a glance. Avoid complex visual systems, decorative motion, gradients, or brand-heavy styling that suggests scale or process overhead the product does not have.","The hero must immediately answer three questions: what this does, who it is for, and what problem it replaces. Use a concrete example or screenshot, not abstract messaging. Below the fold: a short 'how it works' section (3 steps max), followed directly by pricing. Pricing must be visible without interaction. Social proof should be lightweight but credible (usage counts, indie testimonials, integrations). Use a single primary CTA focused on immediate use, not commitment. Avoid: long narratives, hidden pricing, multiple personas, or sales-oriented language.","Many Micro SaaS products should not start with a dashboard. Default entry point should be the core workflow or output. Navigation must be shallow and obvious - ideally 3-5 primary destinations. Favor single-column or simple two-column layouts. Defaults matter more than customization; preconfigure sensible states. Inline actions and immediate feedback are preferred over multi-step flows. Empty states must demonstrate value using examples or sample data. Avoid: settings-first experiences, feature toggles, permission models, or dashboards that require setup before usefulness.","Use a neutral base with one accent color to guide attention. Brand color should be reserved for primary actions only. Backgrounds should be light and unobtrusive. Contrast must meet accessibility standards, but the system can be simpler than enterprise SaaS. Semantic colors should be limited to success, warning, and error states only. Dark mode is optional and should not be implemented unless user demand is clear. Avoid: loud palettes, over-branding, or color systems more complex than the product itself.","Time-to-value is the primary UX constraint. Users should reach a meaningful result within minutes. Anything that does not directly support the core use case should be deferred or removed. Onboarding should be implicit: sample data, defaults, and guided empty states outperform tutorials. Errors must be reversible and non-punitive. Performance issues are trust-breaking at this scale. Documentation should be short, searchable, and optional. Avoid: mandatory onboarding flows, configuration before value, hidden complexity, or UX patterns that assume team-based usage.","Simple, lightweight UI; emphasizes immediacy, clarity, and functional hierarchy. Minimalist components, single accent color, and fast entry points for core workflows."
"E-commerce","buy, commerce, ecommerce, products, retail, sell, shop, store","Vibrant, structured, and conversion-focused. Prioritize clarity and affordances over decoration. Use card blocks, modular layouts, and clear hierarchy. Typography should feel approachable but professional. Avoid overly complex motion, excessive layering, or inconsistent grids.","Hero highlights the core product assortment and key benefit in one glance. Below the fold: curated product categories with imagery, short 'how it works', and visible pricing. Social proof via reviews, ratings, or usage counts. Single high-contrast CTA for shopping or exploration. Avoid: long narrative storytelling, hidden pricing, or multiple conflicting CTAs.","Grid-first product showcase layout with 2-4 column modular cards. Sidebar or top navigation with 5-7 key categories max. Filters, sort, and search are always visible and predictable. Quick-add actions inline. Use dedicated product detail pages for spec-driven products; quick-view modals only for visually-driven products where browsing continuity matters. Avoid: deeply nested menus, dashboards for shopping, or hidden product states.","Primary brand color plus one accent; background light and neutral to make products pop. Semantic colors for sale, stock, and error states only. Contrast meets accessibility standards. Dark mode optional but should not conflict with product imagery. Avoid complex or decorative palettes that compete with products.","Seamless browsing and conversion. Quick feedback on selection, hover, and cart. Loading states minimal but visible. Error states actionable. Checkout flow should minimize form fields (target 8, average sites use 11+); reduce fields before reducing steps. Avoid: slow-loading elements, hidden states, or multi-step surprises.","Bold, modular UI; emphasizes product cards, visual hierarchy, and actionable CTAs. Slightly playful yet professional to reinforce engagement and conversions."
"E-commerce Luxury","buy, commerce, ecommerce, elegant, exclusive, high-end, luxury, premium, products, retail, sell, shop, store","Opulent, refined, and aspirational. Layouts emphasize spaciousness, premium imagery, and smooth motion. Typography is high-contrast, elegant, and readable. Avoid clutter, garish colors, or overly technical layouts. Prioritize a curated, sophisticated visual hierarchy.","Hero presents one flagship product or collection with strong lifestyle photography. Below the fold: limited curated categories, subtle storytelling, visible pricing tiers. Social proof via select testimonials or brand logos only. Single high-salience CTA for shopping or inquiry. Avoid generic banners, hero carousels, or busy product grids.","Wide card-based grids with generous whitespace. Minimal navigation (3-5 top items). Filters and sorting subtly integrated. Quick-look modals for product details. Avoid dense dashboards or feature lists; focus on luxury perception and curated selections.","Neutral background with rich primary color accents and one secondary accent. Typography color mostly near-black or dark gray. Semantic colors used sparingly for feedback. Contrast maintained for readability and premium feel. Avoid bright or garish palettes that conflict with imagery or brand tone.","Browsing must feel effortless and elegant. Hover and selection feedback is subtle. Checkout or inquiry flows should reinforce confidence and sophistication. Avoid aggressive upsells, cluttered modals, or complex menus. Product discovery should feel curated, not overwhelming.","Sophisticated, high-end UI; emphasizes luxury through spacious layouts, premium imagery, and restrained accent usage. Elegant motion and typography reinforce exclusivity."
"Service Landing Page","appointment, booking, consultation, conversion, landing, marketing, page, service","Hero-focused and trust-oriented. Layouts prioritize clarity, hierarchy, and confidence. Typography is approachable and readable. Avoid decorative excess or unnecessary motion.","Hero prominently communicates service value and benefit at a glance. Below the fold: social proof, testimonials, brief steps on how service works, and clear CTA for booking. Avoid hidden actions, long narratives, or multiple competing CTAs.","Single-column or simple two-column layout. Quick access to booking and essential info. Inline forms and immediate feedback. Avoid complex multi-step forms or dashboards for booking.","Brand primary with supportive neutral tones. Accent color only for primary CTAs. Semantic colors for validation or alerts only. Avoid decorative palettes or competing colors that distract from CTAs.","Booking and contact flow must be immediate and forgiving. Form errors are inline and reversible. Visual feedback is consistent and immediate. Avoid ambiguous states or hidden instructions.","Clean, approachable UI; emphasizes trust, clear CTAs, and immediate recognition of service value."
"Analytics Dashboard","admin, analytics, dashboard, data, panel","Data-dense and precise. Use clear hierarchy, semantic alerts, and heat maps. Avoid decorative motion or clutter.","Dashboard presents key metrics instantly. Filters, search, and sort always visible. Inline drill-down actions. Avoid hidden KPIs or multi-step setup before value.","Grid and card layouts for data. Drill-downs and comparisons inline. Shallow navigation (3–5 items). Empty states instructive. Avoid nested dashboards or opaque workflows.","Use single-hue lightness gradients or two-hue diverging scales for data visualization - avoid rainbow/cool-to-hot gradients which are perceptually misleading and inaccessible for color-blind users. Neutral backgrounds with semantic colors for status. Ensure all data meaning is conveyed through shape, label, or position in addition to color.","Accuracy, real-time feedback, and data clarity paramount. Use progressive disclosure to manage complexity - surface key metrics first, drill-down on demand. Provide annotation and comparison tools for context. Errors, loading, and updates immediate. Undo paths for data changes. Support data export for offline analysis. Empty states should explain what data is expected and how to populate it. Avoid misleading displays or hiding interactive controls.","High-contrast, data-focused UI with semantic alerts and heatmaps"
"Healthcare App","app, clinic, health, healthcare, medical, patient","Accessible, calm, and empathetic. Use high-contrast components with generous spacing and readable typography. Avoid clutter, overwhelming visuals, or low-contrast decorative styles like neumorphism that compromise accessibility.","Hero communicates purpose, target patient, and key action. Include simplified workflow explanation. Social proof via patient feedback or certifications. CTA singular, visible, clear. Avoid complex flows or hidden info.","Simple, shallow navigation (3–5 items). Modular cards or sections for tasks, patient info, or appointments. Inline feedback. Avoid deep dashboards or multi-step setup before usefulness.","Calm blues, health greens, neutral backgrounds. Semantic colors for alerts only. Avoid aggressive or high-saturation accents.","Accessibility is mandatory - meet WCAG AA minimum with AAA preferred for text. Use plain language; avoid medical jargon without inline definitions. Communicate privacy and data handling clearly in the UI. Error prevention for clinical data entry: input masks, real-time validation, and confirmation steps for actions affecting patient records. Present health metrics with contextual reference ranges, not raw numbers. Screen reader compatibility, scalable text, and keyboard navigation are non-negotiable. Avoid confusing layouts, hidden controls, or patterns that increase cognitive load for stressed users.","Accessible, calm UI with high-contrast components and patient-focused clarity"
"Educational Platform","app, course, education, learning, school, training","Interactive and structured with clear hierarchy. For K-12 and casual learning: use playful micro-interactions and vibrant blocks. For professional training and LMS: use clean, professional aesthetics with mobile-first design and brand customization. In all cases, minimize cognitive load and avoid clutter, overly complex flows, or inconsistent spacing.","Hero communicates platform purpose, audience, and benefits. Include 3-step 'how it works' section. Visible CTAs for enrollment or exploration. Social proof via usage counts or testimonials. Avoid hidden info or conflicting CTAs.","Card or block grid layout. Navigation shallow (3–5 items). Inline actions and previews. Default states preconfigured. Empty states provide guidance. Avoid dashboards before value delivered.","Clear, learner-appropriate palette. For K-12: playful accent colors that support engagement. For professional: restrained, brand-aligned tones. Background light, primary accent for CTAs only. Semantic colors for feedback. Avoid competing or decorative palettes.","Engagement and age-appropriate clarity. Feedback on correct/incorrect actions must be immediate and meaningful. Onboarding works best via sample content and contextual hints rather than forced tutorials, though hybrid approaches may suit complex platforms. Ensure scalable text and assistive navigation. Avoid hidden complexity or UI mechanics that compete with learning time.","Structured, learner-focused UI with clear progression cues and minimal cognitive load"
"Creative Portfolio","creative, agency, design, marketing, studio, portfolio","Bold, expressive, motion-driven. Prioritize hierarchy and attention guidance. Use retro-futurism or brutalism cues. Avoid clutter, inconsistent motion, or generic visuals.","Hero showcases portfolio or key work; immediately communicates value. Highlight case studies or featured work. CTA singular, focused on inquiry or hire. Social proof via client logos or press mentions. Avoid generic hero graphics or conflicting CTAs.","Grid or modular layouts with 2–3 columns. Shallow navigation (3–5 items). Hover interactions highlight work. Avoid deeply nested menus or dashboards unrelated to showcasing work.","Bold primary colors and accent, neutral backgrounds for content clarity. Semantic colors for feedback only. Avoid over-branding or decorative palettes.","Differentiation key. Highlight work clearly. Hover and selection feedback obvious. Avoid clutter or confusing motion.","Bold, expressive UI with motion and portfolio-focused layout"
"Personal Portfolio","creative, personal, portfolio, projects, showcase, work","Minimalist and motion-driven. Clear hierarchy, readable typography, uncluttered layout. Avoid excessive decoration or complex navigation.","Hero communicates identity and purpose. Portfolio items immediately visible. Optional storytelling section. Single primary CTA (contact or hire). Avoid hidden work or unrelated info.","Single-column or simple two-column layouts. Modular project cards. Inline previews. Shallow navigation (2–4 items). Empty states show examples. Avoid dashboards or hidden complexity.","Primary brand/accent color to highlight projects. Neutral background. Semantic colors for feedback. Avoid decorative colors competing with work.","Focus on personality and clarity. Actions, hover, and feedback states obvious. Onboarding minimal. Avoid forced tutorials or multi-step complexity.","Minimal, motion-driven UI emphasizing projects and personality"
"B2B Service","appointment, booking, consultation, business, corporate, enterprise, service","Clean, authoritative, minimal. Prioritize clarity, trust, and ROI communication. Avoid clutter, decorative motion, or playful aesthetics.","Hero communicates service value, target audience, and ROI. Social proof via client logos, metrics, or testimonials. CTA singular and visible. Avoid hidden information, generic messaging, or multiple competing CTAs.","Feature-rich layouts with clear hierarchy. Navigation shallow (5–7 items). Inline actions and feedback visible. Avoid multi-step menus or dashboards that require setup before value delivered.","Professional blue and neutral greys. Semantic colors for success, warning, error states only. Avoid decorative palettes that conflict with content or brand.","Credibility and clarity paramount. Feedback, errors, and loading states visible. Onboarding optional; defaults pre-configured. Avoid hidden complexity or misleading metrics.","Authoritative, clean UI emphasizing trust, hierarchy, and ROI"
"Financial Dashboard","admin, analytics, dashboard, data, financial, panel","Data-dense and high-contrast. Dark backgrounds with semantic alerts (red/green). Prioritize readability and accuracy. Avoid clutter, decorative motion, or inconsistent data display.","Dashboard presents key metrics immediately. Filters, sorting, and search always visible. Inline actions preferred. Avoid hidden KPIs or multi-step setup before value.","Card or table-based grids for data. Drill-down interactions supported. Navigation shallow (3–5 items). Avoid deeply nested dashboards or hidden data.","Dark background default with light mode toggle for user preference. Semantic colors for alerts and status - use teal/red instead of green/red for color-blind accessibility. Accent for highlights. Avoid decorative palettes that distract from data.","Accuracy and real-time updates critical. Loading, errors, and feedback immediate. Undo or confirmation where data changes occur. Avoid misleading displays or hidden states.","High-contrast, data-focused UI with semantic alerts and clear hierarchy"
"Gaming","entertainment, esports, game, gaming, play","Dynamic, immersive UI that prioritizes performance and instant feedback. Visual hierarchy must support rapid scanning of key actions and states. Typography should feel energetic but remain legible under high interaction loads. Avoid excessive decoration that obscures critical controls.","Landing pages should clearly communicate the game’s core experience, genre, and platform availability. Include robust media previews (screenshots, trailers) with clear start/play/CTA. Avoid hidden CTAs, autoplay audio without controls, or overloaded hero sections.","In‑game dashboards and overlays must surface relevant state (health, score, objectives) without obscuring content. Use predictable placement for primary actions and status information. Provide intuitive controls for inventory, settings, and social interactions. During active gameplay, avoid nested menus that slow decision cycles or require mode switching. In non-combat contexts (inventory, settings, strategy planning), nested menus are acceptable when they help organize complex systems into digestible segments.","Palette choices should reinforce game tone and readability; use contrast strategically to highlight interactive elements and critical states. Semantic colors convey success, danger, alerts, and neutral states consistently. Avoid palettes that create visual noise or fatigue. Ensure accessibility contrast thresholds are met.","Fast, responsive interactions are paramount. Immediate feedback on taps, selections, and transitions maintains the perception of control. Avoid delays, ambiguous loading states, or actions that break flow. Ensure key controls are reachable and predictable, and support keyboard/controller interaction. Avoid burying core actions under multiple gestures or hidden toggles.","Energetic, immersive UI; emphasizes rapid feedback, clear state cues, and performance."
"Government/Public Service","appointment, booking, consultation, government, public, service","Citizen-centered and highly accessible UI. Prioritize clarity, trust, and predictable structure over aesthetic complexity. Typography must be highly legible with strong contrast. Avoid decorative visuals that do not support clarity.","Landing pages must clearly state the service provided, eligibility criteria, and next steps. Use plain language and logical content sections that reduce cognitive load. Avoid jargon, multiple competing CTAs, or buried instructions. Primary CTAs (e.g., apply, register) must be visible without scrolling.","Dashboard or user areas should organize tasks by priority (urgent tasks first). Navigation must be shallow and crisp, with clear labels. Provide clear context for forms and status updates. Avoid long, nested menus, ambiguous feedback, or hidden next steps.","Use neutral, professional palettes with restrained accent colors for primary actions. Semantic colors should signal status only (e.g., green for confirmed, amber for attention, red for error). Avoid decorative or overly saturated palettes that reduce readability or perceived authority.","Government/public service users include broad, diverse populations. Meet Section 508 and WCAG 2.1 AA minimum (EN 301 549 for EU). Ensure full keyboard navigation, screen reader compatibility, color independence (never convey meaning by color alone), and time-based media alternatives. Use plain language throughout - assume no domain expertise. Forms must be forgiving with inline validation, clear error recovery, and minimal required fields. Provide multiple ways to find content and consistent navigation. Progress indicators are mandatory for multi-step flows. Avoid jargon, assumptions about user knowledge, or complex form structures.","Clear, trustworthy UI; emphasizes accessibility, plain language, and predictable interactions."
"Fintech/Crypto","banking, blockchain, crypto, defi, finance, fintech, money, nft, payment, web3","Technical and trustworthy UI that balances data density with clarity. Prioritize predictable patterns, clear affordances, and error prevention. Typography should communicate precision and hierarchy; avoid stylized fonts that impede numeric scanning.","Landing pages must immediately communicate trust signals - for traditional fintech: FDIC insurance, regulatory compliance; for crypto: smart contract audit badges, protocol insurance, institutional backing. Show supported assets and primary use cases. Provide transparent fee structures, risk disclosures, and examples of flows. Avoid ambiguous claims, vague incentives, or hidden costs that undermine trust.","Dashboard layouts must foreground critical financial data (balances, P&L, trends) with high contrast and clear grouping. Provide filters, date ranges, and drill‑downs without breaking context. Interactive charts and transaction lists should be synchronous with filters. Avoid buried controls, floating overlays that obscure data, or state changes without confirmation.","Palette should use restrained, credible tones (professional blues, greys). For financial status, use teal for gains and red for losses instead of green/red to support color-blind users (~8% of men). Always pair color with icons, labels, or directional arrows so meaning is never conveyed by color alone. Accent colors guide primary actions. Avoid loud or decorative palettes that undermine credibility or data legibility.","Trust and error prevention are foundational. Provide inline validation, clear confirmations for high‑impact actions, and undo paths where feasible. Explain risks and fees in plain language. Performance and responsiveness impact perceived reliability; avoid ambiguous loading states. Ensure accessibility and meeting numeric contrast needs. Avoid hidden fees, unclear security signals, or surprise states that undermine confidence.","Crisp, trustworthy UI; emphasizes data clarity, predictable patterns, and transparent financial cues."
"Social Media App","social, network, community, chat, messaging, friends, follow, post, feed","Engaging and immediate UI that prioritizes content visibility and interaction. Visual hierarchy guides attention to updates, notifications, and primary actions. Typography must remain legible across dense feeds. Avoid distracting decoration or unpredictable motion.","Landing page communicates value proposition, sign-up flow, and content type instantly. Highlight key social interactions (post, follow, message) above the fold. Include lightweight social proof (user counts, testimonials). Avoid hidden CTAs, long narratives, or complex multi-step onboarding.","Feed-centric dashboard prioritizes latest updates and relevant interactions. Be intentional about infinite scroll - it increases engagement but causes fatigue, accessibility issues (no bookmarkable position), and performance degradation; consider pagination or explicit load-more for some contexts. Navigation shallow (3-5 main sections) with clear labels. Inline interactions for likes, comments, shares. Notifications must be visible without overwhelming. Avoid deeply nested menus, hidden messaging, or buried content.","Neutral base with brand accent for primary actions. Semantic colors for alerts and statuses only. Contrast meets accessibility standards. Avoid decorative or multi-colored palettes that compete with content.","Engagement and safety are paramount. Users must understand interaction consequences. Provide undo paths, moderation cues, and inline feedback for posts/messages. Loading states visible but non-disruptive. Avoid hidden privacy settings, ambiguous notifications, or unpredictable feed updates.","Vibrant, interactive UI; emphasizes feed clarity, inline interactions, and immediate engagement cues."
"Productivity Tool","task, project, workflow, productivity, planner, management, organize","Structured, utility-first interface prioritizing clarity and efficiency. Visual hierarchy distinguishes primary tasks, status, and deadlines. Typography legible and neutral. Avoid ornamental decoration that distracts from productivity.","Landing page emphasizes key workflows, value proposition, and sign-up. Show task examples or demo outputs above the fold. Include clear CTA to start organizing. Avoid abstract messaging or hidden pricing.","Dashboard is workspace-centric with 1–3 primary columns (tasks, calendar, metrics). Inline actions, drag-and-drop, and collapsible sections. Filters and search always visible. Avoid cluttered panels, deeply nested settings, or dashboards that require configuration before use.","Neutral background with one primary brand accent for key actions. Semantic colors for task status (complete, overdue, blocked). Avoid excessive color coding or decorative palettes.","Time-to-value is critical. Users must start organizing tasks immediately. Provide inline guidance, defaults, undo paths, and starter templates that demonstrate value before requiring configuration. Keyboard shortcuts are essential for power users - design a coherent, discoverable shortcut system. Support batch operations on selected items. Avoid complex configuration before utility, hidden progress indicators, or unpredictable state changes.","Clean, functional UI; emphasizes workflow clarity, task hierarchy, and minimal distraction."
"Design System/Component Library","design, component, system, ui, kit, pattern, reusable, library","Consistent, modular, and systematic UI emphasizing predictability and reusability. Typography consistent and scalable. Avoid arbitrary style deviations or inconsistent spacing.","Landing page demonstrates core components, usage guidelines, and key patterns. Include interactive previews and code snippets. Avoid cluttered showcases or abstract descriptions without context.","Dashboard organizes components by category with searchable index. Previews, states, and variants visible inline. Versioning, theming, and usage guidance accessible without nested menus. Avoid disorganized, deep hierarchies or hidden component states.","Neutral base with primary accent for active selection or highlighting key patterns. Semantic colors for states only (error, warning, success). Avoid decorative palettes that distract from pattern clarity.","Consistency, accessibility, and usability are essential. Components must follow predictable interaction, responsive layouts, and scalable typography. Provide inline guidance, state previews, and usage examples. Avoid inconsistent naming, hidden variants, or non-standard interaction patterns.","Systematic, modular UI; emphasizes component clarity, consistent hierarchy, and reusable patterns."
"AI/Chatbot Platform","ai, artificial intelligence, automation, chatbot, ml, nlp, conversational","Focused, minimal and interaction-driven. Prioritize message clarity, predictable responses, and visual simplicity. Use clear affordances for input and output. Avoid decorative UI or ambiguous interactive elements.","Landing page must immediately convey core capabilities (e.g., what the AI can do), supported contexts, and a clear call to start a conversation or demo. Provide short examples of queries or outcomes. Avoid vague messaging or hidden primary actions.","Core interface is chat‑first with persistent context. Show history clearly, with affordances for follow‑ups, edits, and undo. Controls for model settings and preferences should be visible but unobtrusive. Avoid deep nested menus or burying essential chat actions.","Neutral base with restrained accent for primary actions (send, confirm). Semantic colors only for state feedback (error, success). Avoid high‑saturation palettes that compete with text and focus.","Conversational integrity and context accuracy are critical. Provide immediate feedback for input receipt, partial processing, and error states. Ensure user privacy expectations are evident (data retention, consent) and avoid surprises. Provide easily discoverable ways to correct misinterpretations. Avoid ambiguous error messaging, lost context, or hidden conversation controls.","Minimal, interaction-first UI focused on chat clarity and predictable conversational flow"
"NFT/Web3 Platform","nft, web3, blockchain, defi, crypto, token, marketplace","Tech-forward yet trustworthy UI. Present blockchain context simply, avoid jargon where possible. Use clear hierarchy for token actions, wallet status, and transaction flows. Avoid overwhelming technical displays without contextual explanation.","Landing page must explain what assets are, supported networks, and primary use cases (marketplace, minting, trading). Clearly disclose fees, risks, and wallet prerequisites. Use concrete examples of NFTs. Avoid vague hype messaging or hidden steps to onboard.","Dashboard lays out asset portfolio, transaction history, and key actions first. Provide filters, search, and network status at top. Wallet connectivity state must be clear. Avoid hidden controls or deep modes that isolate critical actions.","Dark or neutral base with high-contrast text; accents communicate primary actions (buy, sell, mint). Semantic colors for status (success, error, warning) consistent. Avoid decorative palettes that distract from critical transaction cues.","Trust and clarity are paramount. Provide clear confirmations for high-impact actions (mint, transfer, sell). Gas fee estimation must be visible and understandable before transaction commitment - explain base fee, priority, and estimated cost in plain language. Network switching between chains must be guided and obvious, not manual. Wallet onboarding must minimize seed phrase anxiety - explain recovery clearly and avoid 70%+ abandonment rates caused by unexplained 12-24 word phrases. Fees and network constraints must be transparent before commitment. Loading and error states must be explicit. Avoid ambiguous transaction statuses or burying key costs.","Trustworthy, web3 UI; emphasizes clarity of assets, balances, and transaction transparency"
"Creator Economy Platform","creator, economy, platform, audience, monetize, content, membership","Engaging, community-first interface that balances personal expression with clarity. Use modular content blocks, visible engagement cues, and predictable navigation. Avoid overly complex dashboards that hide primary creator goals.","Landing area should immediately communicate how creators benefit (audience growth, monetization). Include examples of successful creator outcomes with clear CTAs to join or create. Avoid vague value propositions or blocked access to primary flows.","Dashboard foregrounds follower metrics, revenue, content performance, and messaging. Provide filters and comparisons by period. Interaction tools (publish, schedule, analytics) visible without deep menus. Avoid confusing multi-step setups before basic usefulness.","Palette uses neutral backgrounds with brand accent for primary actions (publish, share, monetize). Semantic colors for status. Avoid decorative palettes that compete with content or community cues.","Creators need predictable flows for publishing, analytics, and engagement feedback. Provide inline guidance for scheduling, tagging, and engagement prompts. Ensure accessibility and mobile responsiveness. Avoid hidden defaults, complex permissions, and non-reversible bulk actions.","Engaging, community-first UI; emphasizes creator goals, performance clarity, and modular content"
"Sustainability / ESG Platform","sustainability, esg, environmental, governance, social, impact, metrics, reporting","Structured, data-driven, and trust-focused. Prioritize clarity, transparency, and measurable outcomes. Avoid decorative dashboards that obscure performance indicators.","Landing page communicates platform purpose, supported metrics, and actionable insights. Include concrete examples of impact reporting. Clear CTA to explore or demo. Avoid vague statements or hidden access to primary data.","Dashboard foregrounds ESG metrics, visualizations, and comparisons. Filters and drill-down options clearly labeled. Avoid overly complex visualizations that hide key insights. Provide context for metrics and benchmark comparisons.","Neutral background with brand accent to highlight key metrics. Semantic colors reserved for status and impact categories. Avoid distracting color palettes that conflict with data interpretation.","Accuracy, transparency, and comprehension are critical. Provide immediate feedback for data input, updates, and errors. Ensure all metrics have clear context and definitions. Avoid ambiguous reporting, hidden assumptions, or misleading visualizations.","Clean, data-centric UI; emphasizes transparency, clarity, and actionable ESG insights"
"Remote Work / Collaboration Tool","remote, collaboration, teamwork, project, chat, task, productivity, workspace","Functional, efficient, and context-aware. Prioritize visibility of tasks, communications, and project states. Avoid clutter or hidden interactions that block workflows.","Landing page must immediately convey platform capabilities: task tracking, communication, document sharing. Include clear examples of workflows. Single high-contrast CTA to sign up or demo. Avoid marketing fluff or hidden key actions.","Dashboard emphasizes projects, tasks, team activity, and deadlines. Filters, search, and notifications always visible. Collaboration tools (chat, file sharing) easily accessible. Avoid buried settings or confusing multi-step flows.","Neutral base with accent colors highlighting priority tasks, notifications, or deadlines. Semantic colors only for state feedback. Avoid decorative palettes that interfere with focus or readability.","Collaboration must be frictionless. Provide inline guidance, status updates, and undo options. Ensure mobile and accessibility support. Avoid lost context, hidden notifications, or non-intuitive workflows.","Efficient, productivity-first UI; emphasizes clarity, task visibility, and minimal friction in team workflows"
"Event Management / Ticketing Platform","event, ticket, management, booking, registration, attendee, venue, schedule, tickets","Organized, clear, and trust-inspiring. Prioritize discoverability of events, seating, and purchase options. Avoid confusing flows or excessive decorative elements.","Landing page showcases upcoming events, highlights key info (date, location, availability), and provides a clear purchase path. Include social proof or reviews selectively. Single primary CTA to register or buy. Avoid hidden pricing or crowded messaging.","Dashboard foregrounds events, attendees, bookings, and analytics. Filters, search, and sorting clearly labeled. Provide real-time updates on sales and availability. Avoid deeply nested menus or unclear actions.","Neutral background with brand accent highlighting CTAs and availability. Semantic colors for status indicators (available, sold out, pending). Avoid overly decorative palettes competing with content.","Transaction clarity and trust are paramount. Confirm bookings, show pricing clearly, provide receipts and confirmations. Avoid multi-step surprises, hidden fees, or confusing ticket allocations.","Trustworthy, organized UI; emphasizes event clarity, booking confidence, and actionable CTAs"
"Mental Health App","mental health, therapy, wellness, mindfulness, meditation, counseling, self-care, mood, journal","Calm, accessible, and emotionally safe. Use soft color palettes, generous whitespace, and rounded shapes that reduce visual tension. Typography must be highly legible with warm, humanistic typefaces — avoid clinical or cold sans-serifs. Every visual choice should lower cognitive load and create a sense of safety. Avoid neumorphism (poor contrast and accessibility), harsh edges, aggressive animations, or dark patterns that create urgency or guilt.","Landing page must lead with emotional safety and privacy assurance — not feature lists. Communicate what the app helps with, who it is for, and how privacy is protected, all above the fold. Below the fold: a simple 3-step how-it-works, followed by credentialed endorsements (licensed therapists, clinical partnerships). Always include a visible crisis resource link (988 Lifeline or equivalent) in the footer and on key screens. Single CTA focused on low-commitment entry (explore, try free). Avoid: testimonials that feel exploitative, before/after framing, urgency tactics, or requiring account creation before showing value.","Navigation must be shallow (3-5 items) with clear, non-clinical labels (e.g., ""Journal"" not ""CBT Module""). Default view should be the primary therapeutic tool (mood tracker, journal, meditation) — not a dashboard of metrics. Progress visualizations must frame setbacks as normal, never punitive — use streak-free designs or forgiving streak models that celebrate return, not shame absence. Session history and mood data should be private by default with explicit opt-in for sharing. Provide offline access for core features. Avoid: gamification that creates guilt, leaderboards, social comparison, or data-dense dashboards that medicalize the experience.","Soft, muted palette grounded in calming tones — pale blues, sage greens, warm lavenders, soft peach. Background should be warm off-white, never stark white or dark. Primary accent used sparingly for positive actions only. Avoid red for any non-critical purpose — use warm amber for gentle alerts. Semantic colors must be softened: muted green for progress, gentle amber for check-ins. Never use high-saturation or vibrant colors that create arousal or anxiety. Dark mode should use warm dark tones (dark blue-gray, not pure black) to maintain the calming atmosphere.","Emotional safety is the primary UX constraint. Users may be in crisis, distressed, or cognitively impaired — design for the worst emotional state, not the best. All destructive actions (deleting journal entries, ending sessions) must have clear undo paths. Never auto-delete user emotional data. Session interruptions must save state automatically. Crisis resources must be accessible from any screen within one tap — never behind menus or modals. Mood tracking inputs should offer a spectrum, not binary good/bad choices. Notifications must be gentle and opt-in, never guilt-inducing (""You haven't logged in 3 days""). Privacy indicators must be visible on every screen that handles sensitive data. Onboarding should be warm and gradual, asking only what is needed for the first session. Support screen readers, scalable text, and reduced-motion preferences. Avoid: streaks that punish breaks, pop-up modals during emotional exercises, social features that expose mental health status, or any dark pattern that leverages vulnerability.","Calm, accessible UI with soft shapes, warm tones, and emotionally safe interactions"
"Pet Tech App","pet, pets, animal, veterinary, vet, dog, cat, tracker, pet health","Warm, friendly, and approachable with playful personality that avoids being childish. Use rounded shapes, soft shadows, and cheerful micro-interactions. Typography should feel friendly and readable — rounded sans-serifs work well. Visual hierarchy must clearly separate pet profiles, health data, and action items. Avoid clinical aesthetics that feel like a veterinary chart or overly cutesy designs that undermine trust for health features.","Landing page should showcase a pet profile with key features (health tracking, reminders, social). Lead with the emotional bond — pet owners care about their pet's wellbeing, not feature specs. Include a clear visual of the core experience (pet profile card, health timeline). Below the fold: 3 key benefits with pet-centric imagery, followed by vet partnership badges or user testimonials. Single CTA to add your first pet. Avoid: stock photos of generic pets, feature-heavy hero sections, or aggressive subscription pushes before demonstrating value.","Pet profile is the hub — all navigation radiates from the individual pet. Multi-pet households need easy switching (tab bar or avatar row, not dropdown). Health dashboard shows upcoming vaccinations, medications, weight trends, and vet visits in a timeline view. Activity and feeding logs should support quick-entry patterns (one-tap logging). Photo gallery integrated into the profile, not siloed. Reminders and alerts for vaccinations, medications, and appointments must be prominent but not alarming. Avoid: dashboards that require setup before showing value, complex multi-step flows for daily logging, or hiding health records behind multiple taps.","Warm, earthy base with playful accent colors — soft oranges, warm greens, sky blues. Background warm off-white or cream. Species-specific accent themes are a nice touch but optional. Semantic colors: green for healthy/up-to-date, amber for upcoming/due soon, red only for overdue or urgent. Photo backgrounds should have subtle overlays to maintain text readability. Avoid: clinical blues that feel like a vet clinic, neon or high-saturation palettes, or dark themes that diminish the warm, friendly feel.","Pet data entry must be fast and forgiving — owners log meals, walks, and symptoms daily, so one-tap or minimal-tap entry is critical. Vaccination and medication reminders must support snooze and reschedule, not just dismiss. Health records should be exportable or shareable with veterinarians (PDF or direct integration). Photo upload must handle the reality of pet photography — motion blur, poor lighting, multiple attempts. Weight and health trend charts should use clear, non-alarming visualization with context (breed-normal ranges where available). Multi-pet support must not create data silos — household-level views for shared appointments or expenses. Offline access for basic pet profile and health records. Avoid: requiring breed selection from an exhaustive list (offer search + common breeds first), hiding emergency vet info, or social features that share pet health data without explicit consent.","Warm, playful UI with pet-centric profiles, quick-entry logging, and cheerful micro-interactions"
"Smart Home / IoT Dashboard","smart home, iot, home automation, device, sensor, connected, hub, automation","Dark-mode-first with high-contrast status indicators. Layout must prioritize at-a-glance device status and quick control access. Typography should be clean, medium-weight, and legible at small sizes for dense device grids. Use consistent iconography for device types and states. Avoid decorative elements that compete with real-time status information or slow down interaction with controls.","Landing page must demonstrate the control experience — show a realistic dashboard mockup or interactive demo, not abstract smart home illustrations. Communicate supported device ecosystems and setup simplicity. Below the fold: integration list (Google, Alexa, HomeKit, Matter), security/privacy assurances, and setup timeline expectation. Single CTA to start setup or explore compatible devices. Avoid: futuristic renders that misrepresent the actual UI, hidden compatibility lists, or feature dumps without context.","Room-based or zone-based primary navigation with a global overview home screen showing all device statuses at a glance. Quick-action controls (toggle lights, adjust thermostat, lock doors) must be accessible within one tap from the home screen. Device cards show current state, last-updated timestamp, and battery/connectivity status. Automation rules should be visible and editable inline — not buried in settings. Energy monitoring surfaces daily/weekly trends with cost estimation. Alert history and device health accessible but not dominating the primary view. Avoid: flat device lists without spatial grouping, controls that require navigating to a device detail page for simple on/off actions, or automation builders that require programming knowledge.","Dark mode default with near-black backgrounds (#1a1a2e or similar). Status indicator colors must be consistent and unambiguous: green for active/online, amber for warning/low battery, red for offline/error, blue for standby/cooling. White or light gray text with high contrast. Accent color for primary interactive controls (buttons, sliders, toggles). Room or zone headers can use subtle color differentiation. Light mode alternative should maintain the same semantic color meanings. Avoid: colored backgrounds per room that fragment the visual system, or dim/subtle status indicators that are hard to scan at a glance.","Reliability and immediacy are paramount — users depend on this for home safety (locks, alarms, cameras). Control feedback must be instantaneous; if a command is in-flight, show a pending state, never an ambiguous toggle. Device offline states must be clearly communicated with last-known-good values shown. Automation failures must notify proactively, not silently fail. Support graceful degradation when internet is down — local control for critical devices. Accessibility: controls must be operable via keyboard, voice, and screen readers. Provide clear labeling for all icons. Battery and connectivity warnings should appear before devices go offline. Scene/routine activation needs confirmation for security-sensitive actions (unlock door, disable alarm). Avoid: silent failures, ambiguous device states, controls that require precision targeting on small touch areas, or notifications that cannot distinguish routine events from genuine alerts.","Dark, status-driven UI; emphasizes real-time device control, room-based navigation, and high-contrast indicators"
"EV / Charging Ecosystem","ev, electric vehicle, charging, charging station, range, battery, energy","Clean, modern, and data-forward with an environmental undertone. Prioritize map-based discovery, real-time availability, and clear numerical displays for range, cost, and charge times. Typography should be clean and slightly technical — good at rendering numbers, units, and measurements. Use spacious layouts that accommodate map views alongside data panels. Avoid cluttered interfaces or purely decorative green-washing visuals.","Landing page must immediately show value: find a charger, estimate range, or calculate costs. Include an interactive map preview or location search above the fold. Below the fold: supported charger networks, vehicle compatibility, pricing transparency, and environmental impact metrics (CO2 saved, kWh delivered). Single CTA to find nearest charger or plan a route. Trust signals: network partnerships, uptime statistics. Avoid: stock photos of EVs without functional UI context, hidden pricing, or vague environmental claims without data.","Map-centric primary view with list/filter sidebar. Charger pins show real-time availability (available, in-use, out-of-service, coming soon) with color coding. Detail panel for selected station: connector types, pricing, amenities, wait time estimation, and user ratings. Trip planner integrates range estimation with charging stops, showing time/cost per stop. Vehicle profile stores battery capacity, current charge, and connector type for personalized estimates. Charge session history with cost breakdown. Avoid: map views that require zooming to find chargers, hidden connector compatibility info, or trip planners that ignore real-time availability.","Clean neutrals with electric blue (#009CD1 or similar) as primary accent and green as secondary for environmental/sustainability cues. Map pins use traffic-light convention: green (available), amber (limited/waitlist), red (offline/out-of-service), gray (unknown/coming soon). Background light and clean to support map readability. Data visualizations use the blue-green spectrum. Avoid: excessive green-washing (all-green palettes that reduce information density), dark themes that make maps hard to read in daylight, or low-contrast status indicators on map pins.","Range anxiety is the core user emotion to address. Always show remaining range alongside charging time estimates — never one without the other. Pricing must be transparent before charging begins: per-kWh cost, idle fees, session fees, and estimated total. Real-time availability must be genuinely real-time with clear timestamps. Trip planning must account for weather, elevation, and driving style impacts on range (or clearly state when estimates are idealized). Connector compatibility must be checked against the user's vehicle before recommending a station. Charge session status must be accessible remotely with push notifications for completion, interruption, or errors. Support offline access for recently viewed stations and saved routes. Avoid: optimistic range estimates that strand users, hidden idle fees, stations shown as available when data is stale, or requiring account creation before searching for chargers.","Clean, map-centric UI; emphasizes real-time availability, range confidence, and transparent pricing"
"Subscription Box Service","subscription, box, curation, unboxing, monthly, quarterly, membership, personalize, recurring","Vibrant, expressive, and anticipation-driven. Layouts should build excitement while maintaining clarity about what subscribers receive and when. Use bold imagery, playful motion for reveals, and modular content blocks. Typography should feel energetic but readable — slightly playful for marketing, neutral for account management. Avoid clinical or overly minimalist designs that drain the excitement from discovery and unboxing.","Landing page must communicate the unboxing experience — use lifestyle photography or video of actual box contents, not abstract graphics. Lead with the curation promise (who selects, how personalization works). Below the fold: sample box contents with specific items shown, pricing tiers with clear comparison, and a personalization quiz preview. Social proof via unboxing videos, subscriber counts, or influencer features. Single CTA to take the quiz or subscribe. Gift options visible but secondary. Avoid: hiding box contents entirely (some preview builds trust), vague curation claims, or subscription terms buried in fine print.","Account dashboard foregrounds: next box date, shipment tracking, past boxes with item lists, and subscription management. Personalization preferences should be easily adjustable (quiz retake, preference toggles) without contacting support. Past box history should serve as a product catalog — link to full-size product purchases or reviews. Refer-a-friend and gift flows should be one-click accessible. Cancellation and pause flows must be straightforward (1-2 steps, no dark patterns like multi-page retention funnels). Avoid: hiding cancellation behind chat-only support, past boxes that disappear after delivery, or subscription management that requires desktop access.","Vibrant brand palette with 2-3 energetic accent colors reflecting the box category (beauty: warm pinks and golds; food: rich oranges and greens; lifestyle: versatile blues and corals). Background light and clean to let product photography dominate. Seasonal palette variations are encouraged to match themed boxes. Semantic colors for subscription status: active (green), pausing (amber), expiring (red), gifted (gold or purple). Avoid: muted or corporate palettes that kill the excitement, dark themes that diminish product photography, or inconsistent palettes across marketing and account management.","Anticipation and trust are the dual UX drivers. Surprise elements (themed reveals, countdown timers to ship date) build engagement, but subscription terms, pricing, and cancellation must be completely transparent — no dark patterns. Personalization quiz should be short (5-7 questions max), visually engaging, and clearly explain how answers influence curation. Shipment tracking must be integrated, not just a carrier link. Product feedback on past items should influence future boxes — make this connection visible. Gift flows must handle different shipping addresses cleanly. Trial-to-paid conversions must be explicitly confirmed, never silent. Avoid: auto-renewal without clear reminders, skip/pause options hidden in settings, cancellation flows longer than 2 steps, or personalization that feels like it has no effect on actual box contents.","Vibrant, anticipation-driven UI; emphasizes discovery, personalization, and transparent subscription management"
"Podcast Platform","podcast, audio, episode, show, listen, stream, creator, rss","Audio-first interface where the player is central and persistent. Dark mode default suits focused listening sessions. Layouts must balance discovery browsing with the always-present playback controls. Typography should be clean and scannable for episode lists and show notes. Use waveform or audio-related visual motifs sparingly as design accents, not decoration. Avoid video-centric design patterns that ignore audio's unique affordances.","Landing page must communicate the listening experience — feature trending shows, curated playlists, and genre discovery. Include a playable sample or trending episode clip above the fold. Below the fold: creator tools overview (for dual-sided platforms), supported podcast apps/RSS, and content categories. For creator-focused platforms: emphasize analytics, monetization, and distribution. Single CTA to start listening or claim your show. Avoid: walls of podcast artwork with no context, auto-playing full episodes, or burying the search/discovery experience.","Persistent mini-player at bottom with expand-to-full capability — playback must never be interrupted by navigation. Episode lists show duration, publish date, and progress indicators for partially-played episodes. Queue management with drag-to-reorder. Playback speed control (0.5x-3x) and skip-silence feature accessible from the player, not settings. Show pages display episode list, show notes, and subscription status. Discovery via algorithmic recommendations, curated lists, and category browsing. For creator dashboards: episode analytics (downloads, completion rates, drop-off points), audience demographics, and monetization metrics. Avoid: players that restart episodes on navigation, episode lists without duration or progress, or discovery that only surfaces popular shows.","Dark mode default with near-black or very dark gray background. Artwork colors can dynamically accent the player interface (extract dominant color from cover art) but must maintain text contrast — always test extracted colors against WCAG thresholds. Primary accent for play/subscribe actions. Waveform visualizations use the accent color. Episode progress bars clearly distinguish played, buffered, and remaining segments. Light mode alternative must maintain the same functional color system. Avoid: pure black backgrounds that make artwork float, dynamic colors that create unreadable text, or genre-specific color systems that confuse navigation.","Audio playback continuity is the primary UX constraint — never interrupt or restart playback due to navigation, errors, or app state changes. Download management for offline listening must be clear: show download progress, storage used, and auto-download preferences per show. Playback position sync across devices is expected. Chapter markers and timestamp links in show notes should seek the player accurately. Accessibility: provide transcripts where available, support screen readers for all player controls, and ensure playback controls are keyboard-navigable. Episode completion should auto-advance to next in queue. Avoid: players without variable speed, episode pages that lack show notes, search that only matches titles (not descriptions or transcripts), or creator analytics dashboards that show vanity metrics without actionable insights like listener drop-off points.","Dark, audio-focused UI; emphasizes persistent playback, episode progress, and waveform-accented design"
"Dating App","dating, match, romance, relationship, swipe, profile, singles, love","Warm, vibrant, and personality-forward. Interface must foreground photos and personal expression while maintaining safety and consent throughout. Use bold, warm colors and smooth animations for match interactions. Typography should feel modern and approachable — not corporate. Card-based layouts work naturally for profile browsing. Avoid clinical or transactional aesthetics that reduce people to data points.","Landing page must lead with the platform's differentiator — what makes this dating experience unique (algorithm, community, niche). Show real-feeling profile examples (with consent or illustrated). Communicate safety features and verification process prominently. Below the fold: success stories (with consent), community size/quality indicators, and platform values. Single CTA for sign-up with clear expectation of what onboarding involves. Avoid: objectifying imagery, vague promises, hidden premium features, or onboarding that feels like a job application.","Profile cards are the core browsing unit — photo-first with name, age, and key compatibility signals visible without tapping. Swipe or explicit action buttons (like, pass, super-like) must be large, distinct, and unambiguous. Match screen provides clear next steps (message prompt, icebreaker suggestions). Conversation list shows unread status, last message preview, and match age. Discovery filters should balance specificity with pool size — warn when filters are too restrictive. Avoid: infinite scrolling through profiles without context (show compatibility reasons), hiding profile details behind multiple taps, match notifications that expire and create false urgency, or messaging interfaces that differ from standard chat patterns.","Warm gradient palette — coral, rose, soft red, and warm amber as primary spectrum. Background warm white or very light warm gray. Accent colors for match celebrations and notifications. Profile cards should have neutral backgrounds that do not compete with user photos. Semantic colors: green for verified/online, amber for new match, red reserved for safety alerts only. Dark mode should maintain warmth — use warm dark gray, not cold black. Avoid: aggressive red that reads as danger instead of romance, cool-toned palettes that feel clinical, or backgrounds that clash with diverse skin tones in photos.","Safety and consent are foundational, not features — they must be woven into every interaction. Block and report must be accessible from any profile or conversation within one tap. Photo verification should be encouraged with clear trust badges. Unmatch must immediately end all contact with no message-after-unmatch loopholes. Location sharing should be opt-in with granular controls (neighborhood, not precise). Video chat should offer in-app options so users do not share personal phone numbers early. Profile prompts and icebreaker suggestions reduce blank-message syndrome and improve conversation quality. Avoid: dark patterns that manufacture urgency (""someone is looking at your profile right now""), paywalling basic safety features (blocking, reporting), notification spam designed to pull users back, or algorithmic deprioritization as punishment for inactivity.","Warm, vibrant UI; emphasizes photo-first profiles, smooth match interactions, and trust through verification"
"Micro-Credentials / Badges Platform","credentials, badges, certification, micro-credential, verification, digital badge, achievement, skills","Clean, trustworthy, and achievement-oriented. Layouts must clearly communicate credential legitimacy and issuer authority. Typography should feel professional and institutional without being stuffy — clean sans-serifs with strong hierarchy. Badge and credential displays need consistent, recognizable visual patterns. Avoid playful or gamified aesthetics that undermine professional credibility.","Landing page must immediately communicate credential value: what earners gain, how employers verify, and which issuers participate. Show recognizable issuer logos and sample credential displays. Below the fold: verification process explanation, integration partnerships (LinkedIn, HR systems), and earner testimonials with career outcomes. For issuers: ROI data, setup simplicity, and compliance with open badge standards. Single CTA to explore credentials or start issuing. Avoid: abstract achievement graphics, hidden verification processes, or marketing that conflates gamification badges with professional credentials.","Earner dashboard foregrounds: earned credentials with status (active, expiring, expired), skills map or pathway progress, and sharing/verification tools. Each credential card shows issuer, date, expiry, and a one-click verify/share action. Evidence portfolio links supporting materials to specific credentials. For issuer dashboards: template builder, batch issuance, analytics (issuance volume, verification rates, earner engagement), and compliance reporting. Pathway builder shows prerequisite chains visually. Avoid: flat lists without visual hierarchy, credential cards that lack issuer context, or pathways that hide completion requirements.","Professional, trust-anchored palette — deep blues and neutral grays as base. Gold or amber (#FFD700 or warm gold) as achievement accent for earned credentials and completion states. White or very light gray backgrounds. Semantic colors: green for verified/active, amber for expiring soon, red for expired/revoked. Issuer branding should be accommodated within credential cards without overriding platform consistency. Avoid: playful or bright palettes that undermine credentialing authority, dark themes that make credentials harder to screenshot for sharing, or excessive issuer color customization that fragments the visual system.","Credential verification must be instant, public, and require zero authentication from the verifier — a shared link or QR code resolves to a verification page showing issuer, criteria, evidence, and status. Expiry management must proactively notify earners before credentials lapse with clear renewal paths. LinkedIn and HR system integration should be one-click from the credential card. Badge imagery must follow Open Badges or CLR standards for interoperability. Bulk issuance for organizations must include preview and error checking before committing. Credential revocation must be auditable and communicate clearly to the earner. Avoid: verification processes that require account creation, credentials that cannot be exported or shared outside the platform, pathways without clear completion criteria, or badge designs that look identical across different achievement levels.","Professional, achievement-oriented UI; emphasizes credential trust, verification clarity, and institutional authority"
"Knowledge Base / Documentation","knowledge base, documentation, docs, wiki, help center, faq, guide, reference, manual","Search-first, content-dense, and typographically rigorous. Every layout decision must serve scannability and findability. Use generous line-height, clear heading hierarchy (4 levels max), and consistent content width (65-80 characters per line for readability). Code blocks, tables, and callouts must be visually distinct from body text. Navigation must be persistent and scannable. Avoid decorative elements, marketing aesthetics, or layouts that prioritize brand over content consumption.","Landing page is effectively a search box with curated entry points. Surface top categories, popular articles, and recently updated content. Search must be prominent and functional — not decorative. For product documentation: show version selector and quick-start guide prominently. For help centers: surface common issues and contact escalation path. Single CTA: search or browse. Avoid: marketing hero sections that push content below the fold, hidden search, or landing pages that resemble product pages rather than knowledge portals.","Left sidebar navigation with collapsible category tree — always visible, always showing current position. Main content area has a fixed max-width for reading comfort. Right sidebar (optional) shows on-page table of contents with scroll-spy highlighting. Breadcrumbs for every page. Previous/next navigation at page bottom for sequential reading. Code blocks support syntax highlighting and one-click copy. Version switcher persistent in header or sidebar. Search results show title, breadcrumb path, and highlighted matching text. Avoid: navigation that collapses on scroll, content wider than 80ch, code blocks without copy buttons, or pages without clear section anchors.","Minimal, content-serving palette. White or very light warm gray background for reading comfort. Near-black text (#1a1a1a or similar) with strong contrast. Primary accent color used only for links, active navigation states, and interactive elements — never decorative. Code block backgrounds slightly darker (light gray) with monospace text. Callout blocks use pale tinted backgrounds (blue for info, amber for warning, red for danger, green for success/tip). Avoid: colored backgrounds that cause eye fatigue during extended reading, low-contrast syntax highlighting, or brand-heavy color usage that competes with content.","Search quality is the make-or-break UX factor. Search must handle typos, partial matches, synonyms, and return results ranked by relevance with context snippets. Implement search analytics to identify gaps (queries with zero results indicate missing content). Navigation must support both explorers (browsing via sidebar) and seekers (searching for specific answers). Feedback mechanisms (""Was this helpful?"") should be lightweight (thumbs up/down) and immediately visible, not gated behind forms. Content freshness indicators (last updated date) build trust. Print/PDF export should preserve formatting. Anchor links for every heading enable deep linking into specific sections. Version switching must not lose the user's current page position. Avoid: search that only matches titles, navigation without current-page indicators, pages without last-updated dates, or feedback mechanisms that require authentication.","Minimal, search-first UI; emphasizes typographic clarity, persistent navigation, and content scannability"
"Hyperlocal Services","hyperlocal, local, nearby, neighborhood, service, booking, provider, on-demand, location","Map-forward, trust-anchored, and action-oriented. Layouts must balance geographic discovery with service provider details. Typography should be clear and functional — optimized for quick scanning of names, ratings, prices, and availability. Use familiar map interaction patterns. Avoid overly stylized map aesthetics or complex filtering that slows down the path from search to booking.","Landing page opens with location detection or search, immediately surfacing nearby service categories and top-rated providers. Below the fold: how it works (3 steps: search, book, done), trust signals (vetting process, insurance, guarantees), and provider testimonials. Category browsing should be visual (icons + labels) and limited to top 8-12 categories before requiring search. Single CTA to search or book. Avoid: generic hero images without location context, hidden service areas, or marketing content that delays the user from finding a local provider.","Split-view layout: map on one side, provider list on the other — with responsive collapse to list-first on mobile. Provider cards show photo, name, rating (numerical + count), price range, distance, and availability indicator. Map pins cluster at zoom-out and expand on zoom-in with summary tooltips. Filters: service type, price range, availability (today/this week), rating minimum, distance radius. Provider detail view shows reviews, portfolio/photos, credentials, availability calendar, and booking action. Avoid: map-only views that hide provider details, list-only views that lose geographic context, or filters that require scrolling to apply.","Neutral, professional base with trust-oriented primary accent (blue or teal). Map uses standard cartographic conventions — avoid custom map themes that sacrifice readability. Provider cards on white or very light backgrounds for clarity. Semantic colors: green for available/verified, amber for limited availability, red for unavailable/flagged. Rating stars in gold or amber. Category icons should use the primary accent consistently. Avoid: bright or playful palettes that undermine service professionalism, map overlays that reduce pin visibility, or provider card backgrounds that compete with profile photos.","Location accuracy and booking confidence are the primary UX constraints. Location detection must request permission clearly and fall back to manual entry gracefully — never block the experience on location denial. Service area boundaries must be honest: show when a provider does not cover the user's area rather than presenting irrelevant results. Provider availability must be real-time or clearly timestamped. Booking confirmation must include provider details, service description, date/time, price, and cancellation policy — all on one screen. Reviews must be verified (tied to completed bookings) and sortable by recency and relevance. Provider response time expectations should be set clearly. Support in-app messaging between user and provider with booking context attached. Avoid: showing providers outside the service area, stale availability data, booking flows that hide cancellation terms, or review systems that cannot distinguish verified from unverified reviews.","Map-forward, trust-anchored UI; emphasizes proximity discovery, provider credibility, and fast booking"
"Beauty / Spa / Wellness Service","beauty, spa, wellness, salon, massage, skincare, facial, nail, waxing, aesthetic, self-care, treatment","Serene, sensory, and aspirational. Layouts should evoke calm and indulgence through generous whitespace, soft shapes, and high-quality imagery. Typography should feel elegant but readable — light-weight serifs or refined sans-serifs for headings, clean sans-serifs for body. Use imagery as a primary design element (treatments, environments, textures). Motion should be smooth and unhurried. Avoid clinical aesthetics, dense layouts, or aggressive sales-oriented patterns that break the relaxation promise.","Landing page must evoke the in-person experience visually — lead with atmospheric photography of the space and treatments, not stock models. Communicate core services, location, and booking availability above the fold. Below the fold: service menu with pricing (never hide prices), before/after gallery (with client consent), practitioner credentials, and client testimonials. Single CTA for booking — always visible, never competing with secondary actions. Gift card and package options should be discoverable but not dominating. Avoid: auto-playing background music, hero carousels that delay booking access, or landing pages that feel like product catalogs rather than invitations.","Service menu is the primary navigation hub — organized by category (face, body, nails, packages) with clear pricing, duration, and brief descriptions. Booking flow must show real-time practitioner availability with calendar view, allow service add-ons during booking (not after), and confirm total price before submission. Client profile stores preferences, allergies, treatment history, and rebooking shortcuts. Loyalty/membership status visible on dashboard with clear benefit tracking. Gallery section should be filterable by service type. Avoid: booking flows longer than 3 steps, service menus without pricing, practitioner selection without photos/bios, or membership terms hidden in fine print.","Soft, luxurious palette — muted blush, sage, cream, warm taupe, or soft lavender as primary tones depending on brand positioning. Background warm off-white or cream, never stark white. Accent color used sparingly for CTAs and active states — rose gold, soft gold, or deep botanical green work well. Imagery should drive the color story. Semantic colors softened: muted green for confirmed, warm amber for pending, soft rose for cancellation. Dark mode is generally unnecessary for this category — the warm, light aesthetic is the brand. Avoid: high-saturation colors that feel clinical or energetic, dark backgrounds that undermine the calming atmosphere, or palettes that clash with treatment photography.","Booking convenience is the primary UX driver — users should go from landing to confirmed appointment in under 60 seconds for returning clients. Rebooking recent services must be one-tap. Cancellation and rescheduling policies must be stated clearly during booking, not buried in terms. Intake forms for new clients (allergies, skin conditions, preferences) should be completable on mobile before arrival. Appointment reminders should include preparation instructions (arrive early, avoid certain products). Before/after galleries must obtain and display consent clearly. Reviews should be tied to verified visits. Gift card purchase and redemption must be frictionless — no codes to manually enter if digital. Avoid: booking systems that require calling for availability, intake forms that repeat questions for returning clients, hidden cancellation fees, or photo galleries that use client images without visible consent.","Serene, sensory UI; emphasizes atmospheric imagery, effortless booking, and soft luxurious tones"
"Luxury / Premium Brand","luxury, premium, brand, exclusive, high-end, designer, couture, bespoke, prestige","Cinematic, editorial, and restrained. Every design choice must reinforce exclusivity and craftsmanship. Use dramatic whitespace, oversized typography for statements, and controlled asymmetry. Imagery must be art-directed — never stock. Motion should be smooth, deliberate, and purposeful, enhancing the sense of precision. Layouts should feel curated and intentional, never busy. Avoid trends that date quickly, generic UI patterns, or any element that dilutes the perception of scarcity and quality.","Landing page is an editorial experience — lead with a full-bleed hero featuring a single product or campaign image with minimal text overlay. The brand story unfolds through scrolling, not through feature lists. Below the fold: curated collections (3-5 max), craftsmanship narrative with close-up product details, and heritage/provenance section. CTA is understated but clear — ""Explore the Collection"" or ""Request an Appointment"" rather than aggressive ""Buy Now"". For brands with physical locations: boutique finder prominently placed. Social proof is implicit through brand heritage, press features, and celebrity association — never user-generated star ratings. Avoid: discount banners, pop-up modals, chatbot widgets, urgency timers, or any element that cheapens the perception.","Navigation should be minimal (4-6 items max) with clean typography — mega-menus only if the catalog demands it, and even then, restrained and image-rich. Product pages are editorial spreads: multiple high-resolution images with zoom capability, detailed material/craftsmanship descriptions, and sizing/care information. Product grids use generous spacing with 2-3 columns maximum. Shopping bag replaces ""cart"" in language. Wishlist and save functionality available without creating an account. For appointment-based brands: scheduling interface should feel personal and concierge-like, not transactional. Avoid: dense product grids, aggressive cross-sell modules, cluttered filters, or UX patterns borrowed from mass-market e-commerce.","Black, white, and one signature brand accent define the palette. Background is either pure white with dramatic dark type, or rich dark (near-black, deep navy) with light type — never gray or mid-tone backgrounds that feel indecisive. Gold, champagne, or deep burgundy as accent for interactive elements and highlights. Product photography backgrounds must be consistent and complementary. Typography color maintains maximum contrast. Semantic colors are minimal and muted — confirmations in subtle green, errors in soft red, never alarming. Dark mode is the natural state for many luxury brands; light mode should feel equally intentional. Avoid: gradients, bright accent colors, colored backgrounds that compete with products, or palette choices that signal mass-market positioning.","The luxury UX paradox: the experience must feel effortless while maintaining an aura of exclusivity. Page load performance is critical — slow loading destroys the illusion of quality (perceived performance directly maps to perceived brand quality). Images must be high-resolution but optimized; use progressive loading that reveals beauty, not placeholder boxes. Product discovery should feel curated, not algorithmic — editorial recommendations over ""customers also bought."" Checkout must be seamless with minimal form fields, address auto-complete, and premium payment options (Apple Pay, concierge ordering). Packaging and delivery expectations should be set clearly — luxury customers expect premium unboxing. Returns must be handled gracefully with prepaid labels and no-questions policies communicated upfront. Personalization should feel like a concierge relationship, not surveillance — ""Your stylist recommends"" over ""Based on your browsing history."" Avoid: generic recommendation engines, pop-up discount offers, CAPTCHA on checkout, aggressive email capture modals, or any friction that contradicts the promise of premium service.","Cinematic, editorial UI; emphasizes craftsmanship, dramatic whitespace, and restrained exclusivity"
"Restaurant / Food Service","restaurant, food, dining, menu, order, delivery, reservation, takeout, cuisine, catering","Warm, appetizing, and action-oriented. Food photography must drive the visual experience — layouts should frame images generously with warm lighting tones. Typography should feel inviting and readable at menu-scanning speed — avoid decorative scripts that sacrifice legibility. Use modular blocks for menu categories. Motion should be subtle and purposeful (cart updates, order confirmations). Avoid cold, corporate aesthetics or overly minimal designs that strip the sensory appeal from food.","Landing page must answer three questions instantly: what cuisine, how to order, and where/when. Hero features high-quality food photography — not the restaurant exterior. Menu or top dishes visible without scrolling. Location, hours, and ordering options (dine-in, takeout, delivery) prominent above the fold. Below the fold: full menu preview, reservation widget, and delivery radius or third-party app links. Single primary CTA — ""Order Now"" or ""Reserve a Table"" depending on business model. Avoid: hero carousels of generic food stock photos, menus available only as PDF downloads, or hidden hours and location.","Menu is the primary interface — organized by category (appetizers, mains, desserts) with item photos, descriptions, dietary tags (vegetarian, gluten-free, spicy level), and prices always visible. For ordering: cart persists across navigation, item customization (toppings, sides, special instructions) is inline not modal, and order total updates in real-time. For reservations: date/time/party-size selector with instant availability confirmation. Order tracking shows clear status progression (confirmed, preparing, ready/en-route). Avoid: menus without prices, item customization flows longer than 2 steps, order tracking that requires page refresh, or PDF-only menus that break mobile usability.","Warm, appetite-stimulating palette — deep oranges, warm reds, rich browns, and cream as the base spectrum. Background warm white or light cream to let food photography pop. Accent color for CTAs and cart indicators. Dietary and allergen tags use consistent, subdued color coding (green for vegetarian, amber for contains allergens). Avoid: cool blues or clinical whites that suppress appetite (color psychology research consistently links warm tones to food appeal), dark themes that diminish food photography quality, or neon accents that feel fast-food generic.","Speed and clarity drive conversion — users decide and order quickly or abandon. Menu load time is critical; lazy-load images but never show empty placeholder grids. Dietary and allergen information must be filterable, not just labeled — users with restrictions need to narrow the menu, not scan every item. Special instructions field must be prominent and generous (not a tiny text input). Delivery estimates must be honest and updated in real-time — overpromising and underdelivering destroys trust faster than a longer honest estimate. Tipping interface should present fair defaults without dark patterns (pre-selected high percentages, guilt-inducing copy). Reservation confirmations must include cancellation policy and modification options. For multi-location brands: location selector must auto-detect or prompt clearly, never serve a menu for the wrong location. Avoid: menus that require zooming on mobile, checkout flows that add fees at the last step, order minimums hidden until cart review, or reservation systems that do not send confirmation emails/texts.","Warm, appetizing UI; emphasizes food photography, fast ordering, and clear menu hierarchy"
"Fitness / Gym App","fitness, gym, workout, exercise, training, health, strength, cardio, yoga, CrossFit","Energetic, motivational, and performance-driven. Dark mode default suits focused workout sessions and reduces glare in gym environments. Layouts must surface active workout state prominently with large, glanceable typography for reps, sets, and timers. Use bold contrast and dynamic elements that reinforce energy without distracting during exercise. Avoid overly decorative or playful aesthetics that undermine the serious training mindset — the UI is a tool, not entertainment.","Landing page must communicate the training philosophy and target audience immediately — generic ""get fit"" messaging fails to differentiate. Show the core workout experience (app screenshots during a session, not just marketing renders). Below the fold: sample workout plans, progress examples with real metrics, and trainer/methodology credentials. For gym apps: class schedule, facility info, and membership pricing visible without scrolling. Single CTA to start a free workout or trial. Avoid: before/after body transformation photos as primary marketing (body-shaming concerns), hidden pricing, or landing pages that look identical to every other fitness app.","Active workout screen is the hero — timer, current exercise with form guidance (video or illustration), rep/set counter, and rest period timer must be visible simultaneously without scrolling. Navigation during workout must be minimal (pause, skip, end). Workout library organized by type (strength, cardio, flexibility, HIIT), muscle group, duration, and difficulty. Progress dashboard shows key metrics: workout frequency, volume trends, personal records, and streak (with forgiving streak logic — missed days should not reset months of progress). Calendar view for workout history and scheduling. For gym/class apps: schedule with real-time availability, waitlist, and check-in. Avoid: cluttered workout screens that require scrolling mid-exercise, progress dashboards that only show weight/body metrics (train metrics over body metrics), or workout libraries without clear difficulty indicators.","Dark background default (near-black or very dark charcoal) with high-energy accent — electric blue, vibrant orange, or neon green depending on brand energy. White or light gray text with strong contrast for readability in varied lighting (bright gym, outdoor, dark bedroom). Timer and active exercise elements use the accent color for emphasis. Progress charts use the accent spectrum. Rest period screens can dim slightly to signal pause. Semantic colors: green for completed/PR, amber for in-progress, red for skipped or missed. Light mode alternative for users who prefer it, maintaining the same energy. Avoid: low-contrast text that is unreadable in bright gym lighting, pure black backgrounds that feel lifeless, or pastel palettes that undermine workout intensity.","Mid-workout usability is the critical constraint — users interact with sweaty hands, limited attention, and time pressure. Touch targets must be oversized (minimum 48px, ideally larger). Workout controls (pause, skip, complete set) must be accessible with one hand. Auto-lock prevention during active workouts is essential. Timer audio cues supplement visual indicators for users who cannot watch the screen. Rest period timers should auto-start and provide haptic/audio alerts. Exercise form guidance (video, animation, or cues) prevents injury and builds confidence — this is a safety feature, not a nice-to-have. Progress tracking should celebrate consistency over intensity — streaks that forgive occasional misses, personal records highlighted automatically, and gentle re-engagement after breaks (not guilt). Offline support for workout execution is mandatory — gym connectivity is unreliable. Sync when back online seamlessly. Avoid: tiny buttons during active workouts, mandatory internet for workout playback, guilt-based re-engagement notifications (""You've been inactive for 5 days!""), or progress metrics that only track body weight.","Dark, energetic UI; emphasizes glanceable workout data, bold contrast, and motivational progress cues"
"Real Estate / Property","real estate, property, housing, rent, buy, sell, listing, apartment, mortgage, agent, broker, home","Trust-forward, image-rich, and search-driven. Layouts must balance large property photography with structured listing data (price, beds, baths, sqft, location). Typography should be clean and confident — optimized for scanning numerical data and addresses. Map integration is core, not supplementary. Avoid flashy or trendy aesthetics that distract from the largest financial decision most users will make.","Landing page opens with a prominent search bar (location, buy/rent toggle, price range) — this is the primary action, not a hero image. Below the search: featured listings with high-quality photos, neighborhood spotlights, and market insights (median prices, trends). For agent sites: credentials, sold history, and client testimonials. Single CTA to search or contact an agent. Mortgage calculator or affordability tool should be discoverable but secondary. Avoid: auto-playing video tours on landing, hero images without search functionality, or hiding the buy/rent distinction behind navigation.","Search results in split-view: map with listing pins on one side, scrollable listing cards on the other. Listing cards show lead photo, price, key specs (bed/bath/sqft), address, and days-on-market. Map pins display price on hover. Saved searches and favorites must persist across sessions without requiring sign-up for basic use. Property detail pages: photo gallery with intuitive swipe/grid toggle, virtual tour embed, property details in scannable sections (not paragraphs), neighborhood data (schools, transit, walkability scores), price history, and clear contact/schedule-tour CTA. For agent dashboards: pipeline view of leads, showing activity, and listing performance metrics. Avoid: listing cards without photos, property pages that bury square footage or lot size, map views without price indicators, or search results that cannot be sorted by multiple criteria.","Professional, trust-anchored palette — deep blue or navy as primary, warm gold or amber as accent for CTAs and featured badges. Background white or very light gray to let property photography dominate. Map uses standard cartographic styling for readability. Price and status indicators: green for new/reduced, amber for pending, red for sold/off-market. Agent branding accommodated subtly within listing cards. Dark mode optional but property photos must render accurately in both modes. Avoid: colored backgrounds that cast tints on property photos, playful or casual palettes that undermine the gravity of the transaction, or status colors that are ambiguous (e.g., using blue for both links and pending status).","Property search is the primary UX — search must support natural-language-like inputs (""3 bed under 500k near downtown""), saved searches with notifications for new matches, and map-draw custom boundaries. Photo quality makes or breaks listings; support high-resolution galleries with fast loading (progressive JPEG, lazy load). Virtual tours must load quickly and work on mobile without app installation. Contact forms must clearly set response-time expectations. Mortgage/affordability calculators should use current rates and update dynamically. Listing freshness is critical — clearly display days-on-market and last-updated timestamps; stale listings erode platform trust. Comparison tools (side-by-side properties) reduce decision fatigue. For renters: application status tracking, document upload, and lease review tools. Avoid: requiring account creation before viewing listings, contact forms that hide which agent responds, photo galleries without clear unit counts, or school/transit data that cannot be verified against authoritative sources.","Trust-forward, image-rich UI; emphasizes property search, map integration, and transparent listing data"
"Travel / Tourism","travel, tourism, vacation, flight, hotel, booking, destination, trip, itinerary, resort, tour","Aspirational, immersive, and discovery-oriented. Layouts must balance inspirational destination imagery with practical booking mechanics. Typography should feel modern and confident — readable across dense itinerary data and evocative in editorial contexts. Use full-bleed photography and smooth transitions to evoke wanderlust, but ensure booking flows are efficient and distraction-free. Avoid generic stock imagery or cluttered interfaces that reduce travel to a transaction.","Landing page must inspire and enable simultaneously — hero with stunning destination imagery and an integrated search bar (destination, dates, travelers). Below the fold: curated destination collections, seasonal deals with transparent pricing (total price, not per-night buried fees), and editorial content (travel guides, itineraries). Social proof via traveler reviews with photos, not just star ratings. For tour operators: highlight unique experiences, group sizes, and guide expertise. Single CTA to search or explore deals. Avoid: pop-up deal alerts, hidden resort fees revealed at checkout, or hero sections that prioritize airline/hotel branding over destinations.","Search results must show total price including all fees and taxes — never a base rate that inflates at checkout. Listing cards: lead photo, destination, dates, total price, and key differentiators (free cancellation, breakfast included, rating). Filters for price range, star rating, amenities, cancellation policy, and distance to landmarks. Comparison view for shortlisted options. Itinerary builder organizes bookings chronologically with map visualization of the route. Booking detail pages: room/flight specifics, cancellation terms, included amenities, and traveler reviews inline. For multi-segment trips: clear per-segment pricing and cross-sell (car rental, activities) that is helpful, not aggressive. Avoid: search results sorted by commission rather than relevance, price displays that exclude mandatory fees, or itinerary views that cannot be shared or exported.","Destination-adaptive palette strategy — the platform chrome stays neutral (clean whites, warm grays, confident navy or dark charcoal for headers) while destination photography drives the emotional color story. Primary accent for CTAs and interactive elements — warm coral, ocean blue, or sunset amber depending on brand positioning. Price and deal tags use a consistent highlight color (warm gold or bright accent). Semantic colors: green for available/free cancellation, amber for limited availability, red for sold out or non-refundable. Map styling clean and readable. Avoid: busy patterns or gradients that compete with destination photography, cool corporate palettes that drain the aspirational warmth, or inconsistent accent colors across different booking stages.","Price transparency is the single biggest trust factor — display total costs including taxes, fees, and mandatory charges from the first search result. Drip pricing (revealing fees progressively through checkout) is the most-cited reason travelers abandon bookings and distrust platforms. Cancellation policies must be stated in plain language with specific dates (""Free cancellation until March 15"") not vague terms (""flexible""). Date picker must support flexible-date search (cheapest in month, weekend trips) and clearly show price variation by date. Multi-currency and timezone handling must be automatic with clear labeling. Booking confirmation must include all essential details on one screen and via email: confirmation number, dates, address, cancellation terms, and emergency contact. Travel document requirements (visa, passport validity, vaccination) should surface proactively for international destinations. Saved trips and wishlists must sync across devices. Avoid: drip pricing, checkout flows that add fees in final steps, date pickers that do not show price variation, or booking confirmations that lack cancellation instructions.","Aspirational, immersive UI; emphasizes destination photography, transparent pricing, and seamless booking flow"
"Hotel / Hospitality","hotel, hospitality, resort, lodge, inn, boutique hotel, guest, accommodation, booking, stay","Warm, polished, and confidence-building. Layouts must showcase rooms and amenities through high-quality photography while keeping booking mechanics fast and predictable. Typography should feel refined and hospitable — warm sans-serifs or elegant serifs for headings, clean sans-serifs for rates and details. Every screen should reinforce the feeling of being welcomed, not sold to. Avoid cold transactional aesthetics or over-designed interfaces that slow the path from browsing to booking.","Landing page leads with the property's signature visual — hero image of the defining space (lobby, pool, view, signature room) with integrated date/guest search. Below the fold: room categories with lead photos and starting rates, amenities grid with icons, location context (map, nearby attractions, transit), and guest reviews. For chains: property selector with location search. Seasonal or promotional rates should be visible but not dominating. Single CTA to check availability. Avoid: auto-rotating hero carousels that delay search, hidden total pricing, room descriptions without photos, or burying the location and contact information.","Room selection presents categories with photo galleries, rate comparison (flexible vs. non-refundable), amenity lists, and occupancy limits. Calendar-based availability must show rate variation by date and highlight minimum-stay requirements upfront. Booking summary persists during the flow showing room, dates, rate, taxes, and total — updated in real-time as add-ons are selected. Upsell opportunities (room upgrades, breakfast, spa packages, late checkout) presented as helpful suggestions at appropriate moments, not aggressive interstitials. Guest portal post-booking: reservation details, check-in/out times, pre-arrival requests (pillow preference, early check-in), and digital key where supported. For property dashboards: occupancy calendar, revenue per available room, guest communication log, and housekeeping status. Avoid: booking flows longer than 3 steps, rate calendars that hide fees until checkout, upsell modals that block the booking path, or post-booking portals that require a separate account from the booking.","Warm, welcoming palette — cream, warm taupe, and soft gold as the foundation. Primary accent in deep warm tones (burgundy, forest green, or navy) depending on property positioning. Gold or champagne for premium indicators and CTAs. Background warm off-white, never stark or clinical. Photography backgrounds should feel consistent and true to the property's actual lighting. Rate displays use clear, high-contrast typography. Semantic colors: green for available, amber for limited rooms, red for sold out. Seasonal or promotional rates highlighted with a warm accent tag, not aggressive red sale badges. Avoid: cool corporate blues that feel like an OTA rather than a property, dark themes that diminish room photography, or inconsistent color temperature between marketing imagery and actual property photos.","Rate transparency builds booking confidence — display total cost including taxes, resort fees, and mandatory charges from the availability view, not at checkout. This is the single highest-impact trust factor; hidden fees are the top reason guests book through OTAs instead of direct. Cancellation policy must be stated in plain language with specific deadline dates on the booking summary. Date flexibility tools (cheapest night indicator, flexible date search) reduce abandonment. Room photography must be accurate and current — misrepresentation causes negative reviews disproportionate to the actual shortcoming. Check-in/out process should be streamable digitally with clear timing expectations. Guest communication (pre-arrival, during stay, post-checkout) should be proactive but not intrusive — one confirmation email, one pre-arrival details email, one post-stay feedback request. Accessibility information (ADA rooms, elevator access, service animal policy) must be findable without contacting the property. Loyalty program status and benefits should be visible throughout the booking flow for members. Avoid: resort fee disclosure only at checkout, room photos that misrepresent size or view, mandatory phone calls for modifications, or feedback requests before the guest has checked out.","Warm, polished UI; emphasizes property photography, transparent rates, and hospitable booking confidence"
"Wedding / Event Planning","wedding, event planning, bridal, ceremony, celebration, party, planner, reception, nuptial, event coordinator","Elegant and warm with a soft, romantic sensibility. Typography should lean editorial — use serif or semi-serif headings paired with clean body text. Layouts should feel curated, not cluttered. Generous whitespace and soft color transitions create a premium, aspirational feel. Photography should be large and emotive. Avoid: corporate stiffness, overly playful elements, and anything that feels mass-market. The tone should feel personal and bespoke.","Hero should feature aspirational event photography — a real moment, not staged perfection. Lead with emotional messaging that speaks to the experience, not a feature list. Below the fold: portfolio gallery organized by event type or style, a concise services overview, and a testimonials section with couple names and photos. Pricing should be presented as starting-from tiers or a consultation CTA — avoid rigid pricing grids. A planning timeline or process overview builds confidence. Vendor partnerships can be shown subtly. CTA should invite consultation, not hard-sell.","If a client portal exists, organize around the event timeline — a visual timeline of milestones (venue, catering, florals, etc.) with completion status. Checklist functionality with due dates and assignment. Budget tracker with category breakdown and remaining balance. Vendor contact directory. Shared inspiration board or mood board area. Document storage for contracts and proposals. Avoid: complex dashboards with charts — wedding planning is task-driven, not analytics-driven.","Soft, warm palette with romantic undertones. Use muted pinks, sage greens, warm creams, and gold accents — avoid saturated or neon tones. The palette should feel timeless rather than trendy. Reserve gold or rose gold for premium accents and CTAs. Backgrounds should be warm white or soft cream, never stark white. Ensure the palette works with diverse photography — it should complement, not compete with, client imagery.","Trust and emotional connection drive conversions. Social proof through real event galleries is more persuasive than testimonials alone. The booking/inquiry flow should be warm and low-friction — avoid long forms; a name, date, and message are sufficient for first contact. Image-heavy pages must load fast on mobile — most couples browse on phones during commutes and downtime. Gallery filtering by event type, style, or venue helps visitors self-qualify. Accessibility matters: ensure all images have meaningful alt text and navigation is keyboard-accessible.","Soft, editorial elegance; warm tones, serif headings, romantic imagery, gold accents, and curated whitespace"
"Legal Services","legal, law, attorney, lawyer, law firm, litigation, legal services, compliance, counsel, solicitor","Authoritative and restrained. Typography should convey gravitas — use a strong serif for headings and a highly readable sans-serif for body. Color usage should be conservative and deliberate. Layouts should be structured and predictable; avoid anything that feels experimental or casual. Whitespace and alignment communicate discipline. Photography should show real people in professional settings, not generic handshake stock photos. The overall tone should say competent and trustworthy, not innovative and disruptive.","Lead with the firm's core differentiator in one clear sentence — what type of law and why this firm. Practice areas should be prominently displayed as clickable categories with brief descriptions. Attorney profiles with credentials, headshots, and areas of expertise build trust. Include a results or case outcomes section with quantified impact where possible. Trust signals: bar associations, awards, years of practice. CTA should be Schedule a Consultation — never Get Started or Sign Up. Contact information must be visible on every page. Avoid: animated heroes, informal tone, and pricing information since legal pricing is case-specific.","Client portals should organize around the active case. Display case status with clear stage indicators (intake, discovery, negotiation, resolution). Document management with version control and secure sharing. Communication log showing all correspondence. Billing section with detailed time entries, invoices, and payment status. Calendar integration for court dates, deadlines, and meetings. Secure messaging between client and attorney. Avoid: complex dashboards with analytics — clients want case progress, not metrics.","Navy blue as primary conveys authority and trust. Gold or warm brass accents add prestige without ostentation. Background should be clean white or light warm grey. Text colors should maximize readability — near-black body text, never medium grey. Limit the palette to 3-4 colors maximum. Avoid: bright blues that feel tech-startup, greens that imply finance, and any color that reduces perceived seriousness. Semantic colors for alerts should be used sparingly.","Trust and credibility are the only things that matter. Every design choice should reduce anxiety and communicate competence. Navigation must be predictable and shallow — practice areas, attorneys, about, contact. Page load speed matters for SEO and first impressions. Attorney profiles are the highest-traffic pages after the homepage; invest in their quality. Forms should be short and clearly indicate confidentiality. Mobile optimization is critical — potential clients often search for legal help on personal devices. Accessibility compliance (WCAG AA) is both ethical and legally prudent for a law firm.","Authoritative, restrained design; serif headings, navy palette, structured layouts, conservative typography, and trust-first hierarchy"
"Insurance Platform","insurance, policy, coverage, claims, underwriting, premium, insurance platform, insure, risk, actuary","Clean, professional, and reassuring. The visual language should communicate stability and reliability without feeling old-fashioned. Typography should be highly readable and accessible — avoid thin weights and small sizes. Use structured layouts with clear sections and generous padding. Illustration style (if used) should be clean and informative, not whimsical. The interface should feel approachable but not casual — insurance is serious business, and the design should respect that while reducing intimidation.","Hero should present a clear value proposition: what kind of insurance and the primary benefit (savings, coverage breadth, speed of claims). Below the fold: product comparison showing plans side-by-side with honest feature matrices. A quote calculator or zip-code-based CTA drives conversion. Trust signals are essential: financial ratings, regulatory compliance, number of customers served, years in business. FAQ section addressing common objections (cost, coverage gaps, claims process). Testimonials should focus on claims experiences, not just price. Avoid: fear-based messaging, fine-print disclaimers in hero sections, and complex jargon.","Policy overview as the primary view: active policies, coverage amounts, renewal dates, and payment status at a glance. Claims section with clear status tracking (submitted, under review, approved, paid) and expected timelines. Document center for policy documents, ID cards, and correspondence. Quick-action buttons for filing a claim, making a payment, and contacting support. Billing history with downloadable statements. Avoid: information overload — surface critical details and let users drill down. Progressive disclosure for policy details.","Trust blue as primary — it communicates reliability and calm. Green as secondary for positive states (active, approved, covered). Use amber sparingly for warnings (renewal approaching, coverage gap). Backgrounds should be clean and light. Avoid: red as a dominant color (triggers anxiety in insurance context), dark themes (reduce transparency perception), and overly vibrant accents. Ensure high contrast for all text, especially for older users who index higher in insurance markets.","Clarity and anxiety reduction drive every UX decision. Insurance jargon must be translated to plain language — use tooltips or inline definitions for technical terms. The quote-to-purchase flow should be completable in under 5 minutes. Progress indicators for multi-step processes are mandatory. Claims filing must be frictionless: pre-fill known information, support photo uploads for documentation, and confirm receipt immediately. Comparison tools should be honest and clear — never hide exclusions. Accessibility is critical given the broad age range of insurance customers. Performance must be fast, especially for quote calculators.","Clean, stable interface; trust-building blue palette, clear comparison layouts, reassuring feedback states, and accessible type scale"
"Banking / Traditional Finance","banking, bank, finance, traditional finance, checking, savings, mortgage, loan, credit, financial services","Institutional-grade with modern clarity. The design must convey security, stability, and competence above all else. Typography should be precise and legible — use a professional sans-serif with strong weight hierarchy. Layouts should be grid-aligned and predictable. Every pixel should feel intentional. Avoid: trendy design patterns, playful elements, and anything that suggests impermanence. The interface should feel secure, organized, and trustworthy. Density should be medium-high for account views.","Lead with the primary product (checking, savings, or lending) and its key differentiator (rates, fees, accessibility). Product cards should show concrete numbers — APY, fees, minimums — not vague promises. Comparison table for account tiers. Security section is non-negotiable: FDIC insurance, encryption badges, regulatory affiliations. Mobile app showcase with real screenshots. Branch/ATM locator for institutions with physical presence. CTA is Open an Account with estimated time to complete. Avoid: lifestyle imagery that says nothing about the product, hidden fees, and jargon-heavy descriptions.","Account summary as the default view: all accounts with current balances, recent transactions, and available funds. Transaction list should support search, filtering by date/amount/category, and export. Transfer functionality must be prominent and predictable — clearly show source, destination, amount, and timing. Bill pay and scheduled transactions in a dedicated section. Alerts and notifications for low balance, large transactions, and security events. Spending insights with category breakdowns can be valuable but should be secondary to account management. Avoid: cramming all features into the sidebar — use progressive disclosure.","Navy or dark blue as primary communicates institutional trust. White and light grey backgrounds ensure readability for dense financial data. Green for positive balances and deposits, red for withdrawals and overdrafts — these conventions are deeply learned and should not be subverted. Gold accents for premium tiers. Avoid: bright colors that feel frivolous, dark mode as default (transparency concerns), and gradients or decorative color usage. All color coding must be paired with non-color indicators for accessibility.","Security perception and data accuracy are paramount. Every transaction should confirm before executing and provide clear receipts. Session timeouts must be handled gracefully with save-state on sensitive forms. Authentication should support biometrics and MFA without adding excessive friction. Error messages must be specific and actionable — never show vague failure states. Performance is critical for account data — stale balance displays erode trust. Accessibility (WCAG AA minimum) is both a legal requirement and a user necessity given broad demographics. Print-friendly views for statements and tax documents. Zero tolerance for layout shifts — financial data must never jump on screen.","Institutional precision; navy palette, grid-locked layouts, security-forward chrome, high-contrast financial data, and zero decorative friction"
"Online Course / E-learning","online course, e-learning, mooc, course platform, certification, curriculum, instructor, lms, training, upskilling","Content-focused and motivational without being distracting. Typography should prioritize readability for long-form content — generous line height, moderate line length (60-80 characters), and clear heading hierarchy. Use consistent, repeated layout patterns for lessons so learners build spatial memory. Visual design should recede behind content: clean backgrounds, subtle borders, and restrained color. Video player and reading areas need maximum breathing room. Avoid: heavy branding that competes with course content, and decorative elements that add no informational value.","Hero should present the course outcome, not the platform features — lead with what learners will become or achieve, with a specific timeframe if applicable. Course catalog below the fold with filtering by topic, level, and format. Each course card shows: title, instructor, duration, rating, and enrollment count. Social proof via completion rates and career outcomes outweighs testimonials. Pricing should be transparent — show per-course and subscription options clearly. A free preview or sample lesson is the highest-converting CTA. Instructor credentials visible on landing pages. Avoid: vague promises, stock photos of people at laptops, and hiding the price.","Learner dashboard should foreground the current course with clear progress and a Continue Learning action as the dominant element. Course library as secondary navigation. Progress tracking should show both completion percentage and estimated time remaining. Certificate/achievement section for completed courses. Calendar or schedule view for live sessions and deadlines. Notes and bookmarks accessible from the dashboard. Recommendation section based on completed courses. Avoid: social features dominating the learning interface, and metrics that shame slow learners.","Use a calming, focused palette — medium blue or teal as primary conveys learning and trust. Progress indicators should use a consistent warm color (amber or green) that feels rewarding. Category colors can differentiate course topics but should be muted to avoid visual chaos. Video player surroundings should be dark or neutral to reduce glare. Background should be warm white for reading comfort. Avoid: high-saturation palettes that cause eye fatigue during long study sessions, and dark themes as default for text-heavy content.","Completion rate is the north-star metric — every UX decision should reduce dropout. Video player must be robust: adjustable speed, captions, bookmarking, and resume-from-last-position. Mobile learning is critical — ensure video and text content adapt seamlessly. Offline access for downloaded lessons. Progress should auto-save aggressively — losing position is the fastest way to lose a learner. Search should span all course content, not just titles. Certificate generation should be instant upon completion. Accessibility: captions for all video, screen reader support for quizzes, and keyboard navigation throughout. Page performance matters for global audiences on slow connections.","Content-first learning layout; calm palette, readable typography, prominent progress tracking, distraction-free video, and motivational feedback cues"
"Non-profit / Charity","nonprofit, non-profit, charity, ngo, foundation, cause, donation, philanthropy, volunteer, social impact","Warm, authentic, and mission-driven. The visual language should evoke empathy and trust without manipulation. Photography should be real and respectful — show the people and communities served with dignity, never as objects of pity. Typography should be clean and accessible with clear hierarchy. Layouts should be open and inviting, with generous whitespace. Color usage should be warm and grounded. Avoid: corporate polish that feels disconnected from the mission, stock photography, and design patterns borrowed from e-commerce that treat donors as customers.","Open with the mission in one powerful sentence, paired with authentic photography or a short video. Impact metrics below the fold — concrete numbers (meals served, homes built, students supported) are more compelling than narrative alone. A clearly visible donation CTA that stays accessible throughout the page but does not feel aggressive. Transparency section showing how funds are allocated with a simple breakdown. Volunteer opportunities and ways to get involved beyond donating. Upcoming events or campaigns. Trust signals: charity ratings, annual report links, board of directors. Avoid: guilt-driven messaging, autoplay videos, and donation CTAs that feel like pop-up ads.","If a donor portal exists, show impact over time: total contributions, projects supported, and tangible outcomes from their giving. Recurring donation management with easy modification. Tax receipt history and downloadable statements. Event calendar for volunteer opportunities. Newsletter archive or impact updates. Keep it simple — most nonprofit supporters do not need a complex dashboard. The focus should be on connection to impact, not data management.","Warm, earthy tones as primary — deep greens, warm oranges, or cause-specific colors that connect to the mission. Avoid cold, corporate blues unless the nonprofit is in healthcare or education. Gold or amber accents for CTAs and donation buttons convey generosity. Background should be warm white or soft cream. Ensure high contrast for accessibility — nonprofit audiences span all demographics and ability levels. Use color sparingly and meaningfully; the photography and content should carry emotional weight, not the palette.","The donation flow is the critical path — it must be completable in under 60 seconds. Support multiple amounts (preset and custom), recurring options, and at least 3 payment methods. Show impact equivalency to make giving tangible (e.g. a specific dollar amount funds a specific outcome). Tax receipt should be generated instantly. Page load speed matters for global audiences on mobile. Transparency builds trust: make financial reports, program details, and leadership information easy to find. Accessibility (WCAG AA) is a moral imperative for mission-driven organizations. Email capture for non-donors should be gentle and offer genuine value through impact updates.","Warm, mission-driven design; authentic photography, earthy tones, transparent impact metrics, dignified imagery, and gentle conversion paths"
"Music Streaming","music, streaming, audio, playlist, songs, albums, artists, podcast, radio, listening","Immersive and content-forward with dark-mode-first design. The UI should recede behind album art and artist imagery — chrome should be minimal and semi-transparent where possible. Typography should be clean and legible against dark backgrounds with sufficient weight contrast. Layout density should be high to support browsing large libraries without excessive scrolling. Motion should be smooth and purposeful: transitions between views, playback animations, and hover states should feel polished. Avoid: heavy borders, busy backgrounds, and any visual noise that competes with album artwork.","Hero should showcase the listening experience — a curated playlist, featured artist, or new release with compelling artwork. Below the fold: key differentiators (catalog size, audio quality, exclusive content, free tier details). Plan comparison with transparent pricing. App store badges and cross-platform messaging. A sample player or preview functionality that lets visitors hear before committing. Social proof through user counts and curated editorial content. Avoid: generic music imagery, lengthy feature lists, and hiding the free tier.","The player is the persistent anchor — always visible at the bottom with track info, controls, progress, and queue access. Home view should lead with personalized recommendations: recently played, daily mixes, and new releases from followed artists. Library navigation should separate playlists, albums, artists, and podcasts. Search must be fast and support fuzzy matching across tracks, artists, albums, and lyrics. Browse section organized by genre, mood, and activity. Queue management with drag-to-reorder. Artist pages should showcase discography, related artists, and upcoming events. Avoid: burying the player, slow search, and recommendation algorithms that feel generic.","Dark grey (not pure black) as the primary background — reduces eye strain during extended listening. Album art should dynamically influence ambient color accents where appropriate. Brand accent color for interactive elements (play buttons, active states, links). Use vibrant accent sparingly — it should draw the eye to actions, not decorate. Green or brand color for now-playing indicators. Text should be white or light grey with clear weight hierarchy. Avoid: competing with album art through heavy UI coloring, and light themes as default since dark mode is the established convention for music apps.","Playback reliability is the foundation — the player must never stutter, lose position, or fail silently. Transition between tracks should be gapless. Offline mode with download management is essential for mobile. Search speed must be near-instant. Queue and playlist management should support drag-and-drop and batch operations. Cross-device handoff (phone to desktop to speaker) should be seamless. Audio quality settings should be accessible but not overwhelming. Social features (sharing, collaborative playlists) should be discoverable but not intrusive. Accessibility: ensure all controls are keyboard-navigable and screen reader-compatible, with visible focus indicators against dark backgrounds.","Dark, immersive chrome; album-art-driven color, minimal UI borders, fluid transitions, persistent playback bar, and content-dense browsing"
"Video Streaming / OTT","video, streaming, ott, movies, shows, series, watch, entertainment, tv, content platform","Cinematic and immersive with dark-mode-first design. Content thumbnails and poster art should dominate every view — the UI exists to frame content, not compete with it. Typography should be bold for titles and light for metadata, creating clear hierarchy against dark backgrounds. Horizontal scrolling carousels are the established pattern for content rows. Motion should be purposeful: hover previews, smooth transitions, and loading states that do not break immersion. Avoid: bright UI chrome, heavy borders, and any design element that pulls attention from content imagery.","Hero should be a full-bleed featured title with trailer auto-play (muted) and a prominent Watch Now or Start Free Trial CTA. Below: content carousels organized by genre, trending, and editorial picks. Plan comparison if applicable — keep it to 2-3 tiers. Device compatibility showcase. Content exclusives or originals section. Social proof through subscriber counts or critical acclaim. Avoid: lengthy copy, static heroes, visible content limitations, and pricing that feels complex.","Home screen is a content discovery engine — personalized rows (Continue Watching, Recommended, Trending, New Releases) with large horizontal thumbnails. Each thumbnail shows title, brief metadata, and match percentage or rating on hover. Content detail pages should include synopsis, cast, related titles, and season/episode navigation for series. Watchlist management. Profile switching with individual recommendation engines. Parental controls and content ratings clearly visible. Search with predictive suggestions and voice support. Avoid: text-heavy layouts, small thumbnails, and navigation that takes more than 2 clicks to reach any content.","Near-black background as primary — this is a viewing environment, not a reading one. Brand accent color for CTAs and active navigation. Content metadata in light grey, not white, to avoid competing with thumbnails. Genre or category can have subtle color coding. Progress bars for partially watched content should be visually distinct. Avoid: any light theme, colored backgrounds behind content rows, and high-saturation UI elements that pull focus from poster art. Ensure sufficient contrast for UI controls against dark backgrounds.","Content discovery and playback quality are the two UX pillars. Video player must support adaptive bitrate, captions in multiple languages, picture-in-picture, and playback speed. Continue Watching must be accurate and prominent — nothing frustrates users more than losing their place. Thumbnail loading must be fast — empty carousels feel broken. Autoplay next episode with a skippable countdown. Search should understand natural language queries. Download for offline viewing is expected. Recommendations should improve over time and allow easy dismissal of uninteresting suggestions. Accessibility: audio descriptions for key content, comprehensive caption support, and keyboard navigation for all player controls.","Cinematic dark interface; poster-art-dominant layout, full-bleed hero, horizontal content rails, immersive hover previews, and minimal chrome"
"Job Board / Recruitment","job board, recruitment, hiring, careers, talent, employment, job search, staffing, applicant, job listing","Functional and scannable with a focus on content density done right. Typography should prioritize readability at small sizes for listing details while maintaining strong hierarchy for job titles and company names. Layouts should use consistent card or row patterns that support rapid scanning. Visual design should be restrained — the content is utilitarian, and the interface should make browsing efficient rather than decorative. Search and filtering are the primary interaction patterns and must be visually prominent. Avoid: heavy imagery, playful branding, and layouts that sacrifice scan-ability for visual interest.","Hero should lead with a search bar — this is a utility-first product. Below the fold: featured jobs or trending categories, employer logos for social proof, and platform metrics (jobs posted, companies hiring, successful placements). For job seekers: clear paths to browse or upload a resume. For employers: a separate but accessible CTA for posting jobs. Pricing for employers should be transparent. Testimonials should come from both sides of the marketplace. Avoid: generic career imagery, hiding the search, and combining job-seeker and employer messaging in confusing ways.","Job seeker dashboard: saved jobs, application status tracker (applied, viewed, interviewing, offer), recommended jobs based on profile, and profile completion indicator. Employer dashboard: active postings with applicant counts, pipeline view for candidates (new, screening, interview, offer), and posting analytics. Both sides need strong search and filter: location, salary range, experience level, remote/hybrid, date posted. Job detail pages should show the essentials above the fold: title, company, location, salary range, and apply button. Avoid: requiring login to view job details, and hiding salary information.","Professional blue as primary creates trust without feeling corporate. Success green for positive states (matched, hired, new listings). Neutral greys for backgrounds and card borders to let content dominate. Accent color for primary CTAs (Apply, Post Job). Avoid: vibrant or playful palettes that undermine professional credibility, dark themes as default (job browsing is a daytime activity for most users), and category color coding that creates visual noise across dense listings.","The core UX metric is time-to-relevant-result. Search must be fast, intelligent, and prominent on every page. Filtering should support boolean-style combinations without requiring technical knowledge. Job listings must be scannable — title, company, location, salary, and posted date visible without clicking. Application flow should be completable in under 3 minutes; support resume parsing and profile auto-fill. For employers: posting a job should take under 5 minutes. Mobile is critical — job seekers browse during commutes and breaks. Avoid: requiring account creation before browsing, and application flows that redirect to external career sites without warning.","Efficient, scan-friendly layout; professional blue palette, prominent search, dense but readable listings, clear status indicators, and utility-first design"
"Marketplace (P2P)","marketplace, peer-to-peer, p2p, buy, sell, classifieds, listings, secondhand, resale, two-sided","Trust-centered and content-dense. The visual framework must serve two audiences (buyers and sellers) without confusion. Product imagery should be prominent — large thumbnails with consistent aspect ratios. Typography should be functional and scannable for listings while supporting detailed product descriptions. Card-based layouts with clear price, condition, and seller information. The interface should feel safe and transparent. Avoid: visually heavy branding, inconsistent listing presentations, and layouts that make the marketplace feel disorganized or untrustworthy.","Hero should immediately communicate what the marketplace offers and its trust proposition. Search bar is the primary interaction — make it dominant. Below the fold: popular categories with imagery, featured or trending listings, and platform trust signals (buyer protection, verification, transaction count). Dual CTAs: one for buyers (Browse/Search) and one for sellers (Start Selling), but do not split the hero. Social proof through transaction volume and user reviews. Avoid: cluttered category grids, auto-rotating carousels, and messaging that focuses on only one side of the marketplace.","Buyer view: browse and search with robust filtering (price, condition, location, category, seller rating). Listing cards show image, title, price, condition, seller rating, and shipping info. Product detail pages include multiple photos, description, seller profile, and similar items. Seller view: listing management with status (active, sold, drafts), messages from buyers, earnings/payout history, and performance metrics. Messaging system between buyer and seller with transaction context. Review and rating system visible on both profiles. Avoid: hiding seller information, requiring login to browse, and checkout flows that feel insecure.","Neutral, trustworthy palette. White or light grey backgrounds let product imagery speak. Use a brand accent for primary CTAs (Buy, List Item). Green for verified/trusted states, amber for caution (new seller, no reviews). Avoid: heavy brand coloring that competes with product photos, dark themes for browsing (product photography needs accurate color rendering), and inconsistent color treatment across listing cards that makes the feed feel chaotic.","Trust is the existential UX challenge for P2P marketplaces. Buyer protection policies must be visible and clear. Seller verification badges reduce friction. Review systems should be prominent and honest — do not hide negative reviews. Payment should feel secure: escrow indicators, refund policies, and encrypted payment badges. Search and filtering must handle large catalogs efficiently. Listing creation for sellers should be fast: support photo upload from camera, auto-suggest categories, and price guidance. Mobile is primary for many P2P marketplaces — optimize for thumb-zone navigation and camera-first listing creation. Performance matters: image-heavy feeds must load progressively without layout shifts.","Trust-first marketplace; neutral backgrounds, prominent product imagery, clear seller signals, dual-audience navigation, and secure transaction cues"
"Logistics / Delivery","logistics, delivery, shipping, fleet, tracking, dispatch, courier, freight, supply chain, last mile","Functional and operationally clear. The visual language should prioritize status communication and spatial orientation (maps, routes, timelines). Typography must be legible at small sizes for dense data tables and tracking details. Layouts should be grid-based with consistent card or row patterns for shipments and orders. Color is functional, not decorative — reserved for status indication. Avoid: playful branding, heavy illustration, and any visual treatment that slows comprehension of operational data.","Hero should communicate the core service promise: speed, reliability, coverage area, or cost. A tracking input or quote calculator as the primary CTA drives immediate engagement. Below the fold: service tiers with clear comparison (same-day, next-day, freight), coverage map, and integration partners or API documentation for B2B audiences. Trust signals: on-time delivery rates, shipment volume, insurance coverage, and client logos. Testimonials should focus on reliability and problem resolution. Avoid: vague messaging, stock photos of trucks, and hiding pricing behind contact forms.","Real-time shipment tracking as the primary view: map with active deliveries, status timeline (picked up, in transit, out for delivery, delivered), and ETA with confidence indicator. Dashboard should surface exceptions and alerts prominently — late shipments, failed deliveries, and pending actions need immediate visibility. Fleet or driver management with status indicators. Analytics secondary: delivery performance, cost per shipment, on-time rates. Route optimization visualization where applicable. Avoid: burying exceptions in tables, stale data displays, and dashboards that require manual refresh.","Blue as primary conveys reliability and professionalism. Use a traffic-light semantic system: green for delivered/on-time, amber for in-transit/delayed, red for failed/exception. Orange works well as a secondary accent for tracking and action states. Backgrounds should be light and clean for data density. Map overlays need high contrast against geographic backgrounds. Avoid: dark themes as default (operational dashboards need daytime readability), decorative color, and status colors that conflict with traffic-light conventions.","Real-time accuracy is the foundational UX requirement — stale tracking data destroys trust faster than anything else. Show delivery dates, not delivery speeds. Provide all tracking details on your own page rather than redirecting to carrier sites. Notifications should be proactive: notify before the user checks, not after. Mobile is critical for both end customers checking deliveries and drivers in the field. Offline capability matters for drivers in low-connectivity areas. Error states must be specific: which shipment, what went wrong, what to do next. API documentation (if B2B) should be clean, interactive, and well-versioned.","Operational clarity; status-driven color, map-centric tracking, real-time data prominence, exception-first alerts, and utility-dense layouts"
"Agriculture / Farm Tech","agriculture, farm tech, farming, crop, agritech, soil, livestock, harvest, precision agriculture, agronomics","Practical, clear, and designed for harsh conditions. Interfaces must be readable in direct sunlight — avoid low-contrast text and subtle UI elements. Typography should be large and bold with strong weight differentiation. Layouts should be simple with generous touch targets for gloved or calloused hands. Data visualizations (weather, soil, yield) should be immediately interpretable without legends or tooltips. Earthy, natural color palette that feels grounded rather than clinical. Avoid: dark themes (outdoor readability), thin typography, small interactive elements, and any design that assumes high digital literacy.","Hero should communicate the specific farming problem solved: yield optimization, water management, livestock health, or market access. Use real agricultural photography, not generic stock. Below the fold: feature overview tied to tangible outcomes (bushels per acre, water savings, labor hours reduced). Pricing should be transparent and tied to farm size or usage. Testimonials from real farmers with farm names and locations. Demo or trial CTA should emphasize ease of setup. Avoid: tech jargon, abstract data visualizations on the landing page, and messaging that talks to investors rather than farmers.","Dashboard should surface weather and time-sensitive alerts first — frost warnings, irrigation schedules, pest alerts, and harvest windows. Map-based field overview with color-coded crop health indicators. Sensor data (soil moisture, temperature, humidity) displayed as simple gauges or trend lines, not complex charts. Task management for planting, spraying, and harvest schedules. Historical yield data for season-over-season comparison. Offline mode is mandatory — sync when connectivity returns. Navigation must be flat and obvious, ideally 3-5 primary sections. Avoid: deep navigation hierarchies, features that require constant connectivity, and data displays that need agricultural science knowledge to interpret.","Earth tones as the foundation: deep greens, warm browns, and sky blues connect to the agricultural context. Use semantic colors for crop health (green for healthy, amber for stress, red for critical). Weather indicators should use intuitive color associations (blue for rain, orange for heat). Backgrounds must be light enough for outdoor screen readability. High contrast is non-negotiable — many users are older with reduced vision. Avoid: muted or pastel palettes that wash out in sunlight, dark backgrounds, and decorative color gradients that reduce data clarity.","Offline-first is the primary UX constraint — rural connectivity is unreliable and the app must function in the field without signal. Data sync should be automatic and conflict-free when connectivity returns. Touch targets must be minimum 48px for use with gloves. Interfaces should support users with low digital literacy: use icons with labels, avoid gesture-only interactions, and provide simple onboarding. Sensor data should surface actionable recommendations, not raw numbers. Localization matters: support local units (acres vs hectares), languages, and regional crop types. Performance must be optimized for older Android devices common in agricultural markets. Notifications should be timely and actionable — a frost alert after the frost is useless.","Rugged, sunlight-ready UI; earthy tones, large touch targets, sensor-driven dashboards, offline-capable, and plain-language data displays"
"Construction / Architecture","construction, architecture, building, contractor, blueprint, project management, engineering, renovation, structural, general contractor","Structured and precise with a material sensibility. Typography should be clean and technical — a strong sans-serif that communicates engineering confidence. Layouts should use clear grid systems that mirror the precision of architectural work. Photography and 3D renders should be large and high-resolution, given the visual nature of the work. Use ample whitespace to frame project imagery. The palette should be restrained and professional — let the work speak. Avoid: playful design, rounded elements, and anything that undermines the perception of technical competence and safety.","Hero should feature a flagship project with striking photography or a 3D render. Lead with the firm's specialty (commercial, residential, renovation, infrastructure) and scale of work. Portfolio below the fold organized by project type with large thumbnails, project name, and scope. Services overview should be concise — not paragraph descriptions. Team section with credentials, certifications, and years of experience. Safety record and compliance certifications are trust signals unique to this industry. CTA should invite project consultation. Avoid: generic construction stock photos, cluttered project grids, and burying the portfolio below marketing copy.","If a project management portal exists, organize around active projects with timeline visualization (Gantt-style or milestone-based). Each project shows: phase status, upcoming milestones, budget vs. actual, and document library (blueprints, permits, change orders). Photo documentation of progress with date stamps. RFI and change order tracking with clear approval workflows. Team directory with role assignments per project. Subcontractor management where applicable. Avoid: overly complex dashboards — construction stakeholders want status clarity, not analytics depth.","Neutral, professional palette: greys, charcoals, and whites as the foundation, reflecting materials like concrete and steel. A single strong accent (safety orange, blueprint blue, or architectural gold) for interactive elements and emphasis. Background should be clean white or very light grey to let project photography dominate. Avoid: multiple bright colors that feel consumer-grade, dark themes that reduce blueprint readability, and color choices that conflict with standard safety colors (orange, yellow, red) used in the industry.","The portfolio is the primary conversion driver — every UX decision should serve project presentation. Photography and renders must load fast despite high resolution; use progressive loading and optimized formats. Project filtering (by type, scale, location, completion date) helps visitors self-qualify. Mobile must work well — stakeholders review project sites on tablets and phones at job sites. Contact should be frictionless with minimal required fields. If a client portal exists, document management is critical: version control, approval workflows, and secure sharing of sensitive blueprints and contracts. Accessibility (WCAG AA) is important for compliance-conscious firms.","Precise, material-inspired design; grid-structured layouts, technical typography, project-showcase hierarchy, safety-color accents, and blueprint-grade clarity"
"Automotive / Car Dealership","automotive, car dealership, vehicles, auto, dealer, cars, automobile, showroom, inventory, test drive","High-impact and immersive with a focus on vehicle presentation. Photography must be large, detailed, and professionally lit — vehicles are visual products and every pixel of imagery matters. Typography should be bold for model names and pricing, clean for specifications. Layouts should support both browsing (grid inventory) and deep-dive (vehicle detail pages). Interactive elements (360-degree views, color configurators) should feel responsive and premium. The experience should build excitement while maintaining trust. Avoid: cluttered inventory displays, low-quality photos, aggressive pop-ups, and anything that feels like a high-pressure sales floor.","Hero should showcase a flagship or high-demand vehicle with full-bleed imagery and a clear CTA (Browse Inventory, Book a Test Drive). Below the fold: featured vehicles or categories (new, used, certified pre-owned), search/filter entry point, and current promotions or financing offers. Trust signals: manufacturer certifications, customer reviews, years in business, and warranty information. Financing calculator or pre-qualification CTA for price-sensitive visitors. Avoid: rotating banners with competing offers, auto-playing music, excessive pop-ups for chat or trade-in, and hiding inventory behind forms.","Inventory management is the core dashboard for dealers: vehicle listings with status (available, reserved, sold), days on lot, pricing, and lead source. Lead management pipeline: new inquiries, test drives scheduled, negotiations, and closed deals. Sales performance metrics and team leaderboard. Service department scheduling and history. For consumer-facing apps: saved vehicles, comparison tools, financing status, and service appointment booking. Avoid: cramming all dealer operations into one view — use role-based dashboards (sales, service, management).","Dark backgrounds can create a premium showroom feel for vehicle showcase pages. Brand-aligned accent colors for CTAs and interactive elements. White or light grey for inventory listing backgrounds where scan-ability matters. Use red or brand color for pricing and offers — these are high-attention elements. Vehicle color swatches should be accurate to real paint colors. Avoid: palettes that compete with vehicle photography, overly colorful UI that feels consumer-grade, and inconsistent color treatment between new and used inventory.","The core UX metric is time-to-relevant-vehicle — users decide within seconds whether your inventory matches their needs. Search and filtering must be fast and support: make, model, year, price range, mileage, body type, and features. Vehicle detail pages should show all key information above the fold: price, mileage, key specs, and multiple photos. Photo galleries must support swiping and zooming. Financing calculators should be transparent and pre-fillable. Test drive booking should take under 60 seconds. Mobile is critical — most car shopping begins on phones. Page performance matters enormously for image-heavy inventory pages; use lazy loading. Avoid: requiring account creation to see pricing, and chat pop-ups that obscure vehicle imagery.","Showroom-quality presentation; bold vehicle imagery, dark premium backdrops, fast inventory filtering, configurator-ready interactions, and trust-forward pricing"
"Photography Studio","photography, studio, photographer, photo, portraits, events, shoots, visual, gallery, sessions","Minimal and image-dominant. The interface must serve as a frame for the work — every design decision should enhance photography, not compete with it. Typography should be elegant and restrained: a clean serif or minimal sans-serif for navigation and captions. Layouts should use generous whitespace with full-bleed or near-full-bleed imagery. Backgrounds should be neutral (white, near-black, or warm grey) to allow photographs to set the color tone. Grid systems should be flexible to accommodate both landscape and portrait orientations. Avoid: busy backgrounds, heavy branding, colorful UI elements, and any chrome that distracts from the photographs.","Open with the strongest work — a full-bleed hero image or a curated slideshow of 3-5 best shots. Minimal text overlay; let the photography make the first impression. Below the fold: portfolio organized by category (weddings, portraits, commercial, events) with consistent thumbnail sizing. Brief about section that communicates style and personality. Packages or pricing information (even starting-from ranges) reduce inquiry friction. Client testimonials with event type context. Contact/booking CTA that is always accessible but visually unobtrusive. Avoid: text-heavy hero sections, generic stock photography on a photographer's site, and hiding the portfolio behind navigation.","Most photography studios do not need a dashboard. If a client gallery or proofing portal exists, organize around the session or event. Display images in a clean masonry or grid layout with download, favorite, and print-order functionality. Password protection per gallery for client privacy. Before-and-after editing comparisons where relevant. Simple delivery: download links with resolution options. Invoice and booking history for returning clients. Avoid: complex navigation, social features that distract from image review, and watermarks that obscure the viewing experience.","Minimal palette — neutral backgrounds (white, charcoal, or warm grey) allow photographs to define the color experience. Use a single subtle accent for interactive elements (booking buttons, navigation hover states). Text should be near-black or warm grey, never competing with image content. Avoid: colorful UI palettes, branded backgrounds that clash with diverse photography styles, and any color treatment that imposes a mood the photographs should be setting themselves.","The portfolio is the only thing that matters — if the images do not load fast and look stunning, nothing else will convert. Optimize aggressively: use modern image formats (WebP/AVIF), progressive loading, and responsive sizes. Gallery navigation should support keyboard, swipe, and click without layout shifts. Mobile is non-negotiable — portfolio links are shared via social media and viewed on phones. Contact forms should be short: name, event type, date, message. SEO for local searches is critical for studio businesses. Image alt text should describe the scene for accessibility and search. Avoid: JavaScript-heavy galleries that break on older devices, and portfolio pagination that resets scroll position.","Minimal frame for maximum impact; neutral backgrounds, full-bleed imagery, restrained typography, no UI color competition, and fast gallery loading"
"Coworking Space","coworking, coworking space, shared office, workspace, hot desk, flex office, office rental, meeting room, shared workspace, remote work","Energetic yet professional with a community-forward personality. Photography should showcase the actual space, real members working, and the atmosphere — not stock images. Typography should be modern and approachable with clear hierarchy. Layouts should balance visual appeal with practical information (locations, amenities, pricing). The design should communicate both productivity and belonging. Avoid: corporate blandness, overly startup-playful branding, and generic office imagery that could represent any building.","Hero should feature the space itself — a wide shot that communicates the atmosphere, natural light, and energy. Lead with the value proposition: flexibility, community, or location. Below the fold: membership tiers with transparent pricing (hot desk, dedicated desk, private office, meeting rooms). Amenities grid with icons and brief descriptions. Virtual tour or photo gallery of the space. Testimonials from current members with their company or role. Location map with neighborhood context. CTA should be Book a Tour or Try a Day Pass — low commitment entry points. Avoid: hiding pricing, showing empty spaces, and lengthy descriptions of amenities that should be visual.","If a member portal exists, organize around booking and access: room reservations, desk availability, upcoming events, and access credentials. Community directory with member profiles (opt-in) to encourage networking. Event calendar for workshops, socials, and talks. Invoice and membership management. Support requests and maintenance reporting. Meeting room booking should show real-time availability with a visual floor plan. Avoid: complex dashboards — members want quick booking and community access, not analytics.","Warm, energetic palette that reflects the community atmosphere. Use a vibrant primary (coral, teal, or warm yellow) paired with professional neutrals. Photography carries most of the color — the UI palette should complement, not compete. Backgrounds should be light and airy to mirror the open workspace aesthetic. Accent colors for CTAs and interactive elements. Avoid: corporate blue-grey palettes that feel like a traditional office, dark themes that contradict the open-bright workspace vibe, and overly complex color schemes.","The conversion path is Tour → Trial → Membership. Every UX decision should reduce friction along this funnel. Pricing must be transparent and comparable across tiers — hidden pricing is the top complaint for coworking websites. Booking a tour should take under 30 seconds. Location pages need practical details: address, transit access, parking, hours, and accessibility. Photography must be authentic and current — outdated photos that do not match the real space destroy trust at the tour stage. Mobile optimization is critical for on-the-go professionals. Community features should be visible but not mandatory — introverts and focused workers are members too.","Warm, community-driven layout; vibrant accents, real-space photography, transparent pricing grids, quick-book CTAs, and approachable professional tone"
"Cleaning Service","cleaning, cleaning service, house cleaning, maid service, janitorial, commercial cleaning, deep clean, residential cleaning, sanitization, housekeeping","Clean (literally) and trustworthy. The visual language should mirror the service: organized, fresh, and spotless. Typography should be friendly and readable — approachable but not childish. Layouts should be simple and structured with clear sections. Photography should show real teams in action or clean results, not stock photos. Use ample whitespace to reinforce the clean aesthetic. Avoid: cluttered layouts (ironic for a cleaning company), dark or heavy design, and overly corporate visual treatment for what is a personal, in-home service.","Hero should lead with the primary CTA: Get a Quote or Book a Cleaning. Pair with a clean, bright image of a real space or team. Below the fold: service list (regular cleaning, deep clean, move-in/out, commercial) with brief descriptions and starting prices. Trust signals are critical since you are inviting strangers into homes: background check badges, insurance, bonding, satisfaction guarantees, and customer reviews with real names. Before-and-after gallery adds credibility. Service area with zip code checker. Avoid: hiding pricing, stock photos of models in aprons, and generic hero messaging.","Most cleaning services do not need a client-facing dashboard. If one exists, show: upcoming appointments with date, time, and assigned cleaner. Service history with what was done each visit. Easy rescheduling and cancellation. Payment history and auto-pay management. Special instructions per visit (focus on kitchen, skip bedroom). Communication channel with the assigned team. Avoid: over-engineering — a simple appointment list with status is more useful than a complex dashboard.","Fresh, inviting palette: clean whites and soft blues as the foundation (psychologically associated with cleanliness and trust). Green accents for eco-friendly positioning or natural products. Warm accents (soft gold or peach) can add approachability. CTA buttons should be high-contrast and prominent. Avoid: dark or moody palettes that contradict the clean positioning, clinical whites that feel sterile rather than inviting, and more than 3 accent colors that clutter the visual hierarchy.","Booking conversion is the primary UX metric — CTA placement above the fold boosts conversion significantly. The quote or booking flow should be completable in under 2 minutes: select service type, choose date/time, enter address, confirm. Transparent pricing (even ranges) reduces phone-call friction and builds trust. Real team photos and names build personal connection since these people enter your home. Mobile is critical — most cleaning searches happen on phones. Page speed matters for local SEO and first impressions. Reviews should be prominent and recent. Automated scheduling options increase booking rates substantially. Avoid: contact-us-only models that add days to the conversion cycle.","Fresh, trustworthy simplicity; clean whites, bright photography, prominent booking CTAs, trust-badge-forward layout, and approachable service cards"
"Home Services (Plumber / Electrician)","home services, plumber, electrician, hvac, handyman, repair, maintenance, contractor, emergency repair, home repair","Trustworthy and utilitarian with an emphasis on availability. Typography should be bold and readable — users arriving in an emergency have no patience for decorative fonts. Layouts should front-load contact information and service areas. Photography should show real technicians in branded uniforms, not stock photos. The design should communicate competence, reliability, and speed. License and certification badges should be visually prominent, not buried in footers. Avoid: flashy design, dark themes, complex navigation, and anything that delays a panicked homeowner from calling or booking.","Hero must feature the phone number or Book Now CTA at the largest size on the page — for emergency services, this is the only thing that matters above the fold. Service area prominently displayed. Below the fold: services list with clear categories (plumbing, electrical, HVAC, emergency), pricing transparency (service call fees, hourly ranges), and licensing/insurance badges. Customer reviews should be near the CTA — 87% of consumers check reviews before choosing local services. Photo gallery of completed work. Emergency availability callout (24/7 service). Avoid: hiding the phone number, requiring forms for emergency requests, and generic hero images.","Most home service businesses do not need a customer-facing dashboard. If one exists, show: upcoming appointments, service history with what was done and cost, warranty information, and a simple way to request follow-up service. Technician assignment with name and photo builds trust before the visit. For the business side: job scheduling with dispatch view, technician availability, customer history, and invoice management. Avoid: unnecessary complexity — the admin dashboard should prioritize scheduling efficiency and customer record access.","Trust blue as primary — it is the dominant color in home services for good reason. Safety orange or yellow as secondary for emergency CTAs and urgent callouts. Clean white backgrounds for readability. Green for positive states (job completed, payment received). Ensure the phone number and emergency CTA use the highest-contrast color combination on the page. Avoid: decorative palettes, dark themes (homeowners browse in daylight during emergencies), and color schemes that reduce the visual prominence of contact information.","Trust is decided in under 60 seconds — the site must communicate legitimacy and availability immediately. Phone number and booking CTA must be tappable on mobile without scrolling. Emergency services need a distinct, always-visible pathway. Service pages should set clear expectations: what is included, estimated duration, and price ranges. Licensing and insurance information must be verifiable. Reviews should be prominent, recent, and ideally from third-party platforms. Mobile-first is non-negotiable — emergency searches happen on phones. Pages must load in under 3 seconds; slow sites see significantly higher abandonment. Local SEO elements (service area pages, city-specific content) drive organic traffic. Avoid: chat widgets that cover the phone number, and multi-step forms for emergency requests.","Bold, trust-first utility; prominent phone number, emergency-ready CTAs, badge-heavy trust bar, blue palette, and zero-scroll contact access"
"Childcare / Daycare","childcare, daycare, nursery, preschool, early childhood, toddler care, child development, babysitting, after school, childcare center","Warm, cheerful, and deeply reassuring. The visual language should communicate safety, nurturing, and professionalism in equal measure. Typography should be clean and friendly — rounded sans-serifs that feel approachable without being juvenile. Photography should show real children (with consent) engaged in activities, real staff interacting warmly, and clean, bright facilities. Color should be warm and inviting without being garish. Layouts should be organized and calming. Avoid: clip art, overly cartoonish design, stock photos of children, and dark or corporate aesthetics that feel institutional rather than nurturing.","Hero should feature authentic photography of children engaged in an activity at the actual facility, paired with a warm headline about the care philosophy. Below the fold: programs overview by age group with brief descriptions. Staff section with photos, qualifications, and certifications — parents need to trust these people with their children. Safety and licensing section: state licensing, background checks, staff-to-child ratios, safety certifications. Parent testimonials with names and child age groups. Virtual tour or facility photo gallery. Enrollment CTA with clear next steps. Avoid: hiding staff information, omitting licensing details, and using only stock photography.","Parent portal organized around their child: daily activity reports, photos from the day, meal tracking, nap schedules, and developmental milestone updates. Attendance calendar. Billing and payment with auto-pay options. Direct messaging with teachers or directors. Emergency contact management. Event calendar for parent nights, field trips, and closures. Enrollment documents and forms. Avoid: complex dashboards — parents want quick reassurance that their child is safe and happy, delivered through simple daily updates.","Warm, playful palette grounded in trust. Soft primary colors (warm yellow, gentle blue, leaf green) that feel cheerful without being overstimulating. Use warm neutrals (cream, soft tan) as background tones rather than stark white. Accent with one slightly brighter color for CTAs and interactive elements. Avoid: neon or heavily saturated colors that feel chaotic, dark palettes that contradict the bright/safe/open positioning, and more than 4 colors in the active palette since visual calm signals safety to parents.","Trust is the singular conversion driver — parents are making the most emotionally charged purchasing decision possible. Staff credentials and photos are the highest-impact content; invest heavily here. Safety certifications and licensing must be immediately findable, not buried in footers. Enrollment flow should be warm and guided, not bureaucratic — a simple interest form (child age, start date, contact info) is sufficient for first contact. Gallery and virtual tour content must load fast and work on mobile — parents browse during lunch breaks and commutes. All child photography must be handled with visible consent and privacy awareness. Accessibility (WCAG AA) ensures all parents can access information regardless of ability. Reviews should be recent and specific about care quality, not just convenience.","Warm, nurturing design; soft primary colors, authentic facility photography, staff-forward trust layout, cheerful but calm palette, and safety-first messaging"
"Senior Care / Elderly Services","senior care, elderly, assisted living, nursing home, elder care, retirement, aging, home health, memory care, senior living","Accessible-first with warm, respectful design. Every element must serve readability and ease of use. Typography should be large (minimum 16px body, preferably 18px) with strong weight contrast and generous line spacing. Layouts must be simple, predictable, and uncluttered — one primary action per screen section. Touch targets must be minimum 44x44px with adequate spacing to prevent misclicks. Color contrast must meet WCAG AAA (7:1 ratio for body text). Photography should show active, dignified seniors — not helpless patients. The tone should communicate warmth and respect, never condescension. Avoid: small text, low contrast, complex multi-column layouts, hover-dependent interactions, and infantilizing imagery.","Hero should convey warmth and dignity with photography of engaged, happy residents in the actual facility. Lead with the care philosophy, not a sales pitch. Below the fold: care levels explained simply (independent living, assisted living, memory care) with clear descriptions free of medical jargon. Staff qualifications and care approach. Facility features and photos. Family testimonials with relationship context. Licensing, accreditation, and inspection results as trust signals. Contact section with phone number prominently displayed — many family members researching care are older themselves. Avoid: tiny text, complex navigation, medical terminology without explanation, and imagery that depicts seniors as passive or helpless.","If a family portal exists, prioritize simplicity: care updates with plain-language summaries, medication schedules, activity participation, and meal logs. Appointment calendar for visits. Direct messaging with care staff. Billing and insurance documentation. Emergency contact management. Photo sharing of activities. Font size and contrast controls should be built into the portal — not dependent on browser settings. Avoid: dense data displays, medical jargon in care notes, small interactive elements, and any interface that assumes technical proficiency.","Warm, calming palette with high contrast. Soft blues and warm greens as primary tones — associated with calm, health, and trust. Warm cream or soft white backgrounds instead of stark white (reduces glare for aging eyes). Text must be near-black on light backgrounds, meeting 7:1 contrast ratio. Accent colors for CTAs should be bold enough to be visible to users with reduced color perception. Avoid: pastels for interactive elements (insufficient contrast), grey body text (use near-black only), cool-toned whites that feel clinical, and any color combination that fails WCAG AAA for body text.","Accessibility is not a feature — it is the entire UX strategy. Body text at 18px minimum. All interactive elements at 44x44px minimum with 8px spacing gaps. Navigation must be shallow (3-5 top-level items maximum) and keyboard-accessible. Avoid hover-only interactions — older users often struggle with precise mouse control. Forms should be short with large input fields, clear labels above fields (not placeholder text), and explicit error messages. Phone number must be clickable and prominent on every page — many inquiries come by phone. Content should use plain language at a 6th-grade reading level. Page load speed matters for patience and for older devices. Introduce features incrementally — do not overwhelm with UI changes. Test with actual older users, not just WCAG compliance tools.","Accessible, dignified warmth; large type, high contrast, simple navigation, generous touch targets, warm tones, and respectful senior imagery"
"Medical Clinic","medical clinic, doctor, physician, healthcare, patient, hospital, urgent care, primary care, specialist, medical practice","Clinical yet approachable — the design must communicate medical competence without feeling cold. Typography should be clean, highly readable, and professional; avoid decorative fonts entirely. Layouts should be structured and predictable with clear section separation. Photography should show real staff in the actual facility — scrubs and stethoscopes build credibility, but warmth in expressions builds trust. White space and calm colors reduce anxiety. The interface should feel organized and reassuring. Avoid: stock photos of models in lab coats, dark or moody palettes, cluttered layouts, and any design that prioritizes style over clarity.","Hero should communicate the care approach in one sentence, paired with a photo of the actual facility or team. Prominent Book Appointment CTA above the fold alongside phone number. Below the fold: services organized by specialty or condition with brief descriptions. Provider directory with photos, credentials, board certifications, and specialties — this is the highest-traffic section after the homepage. Insurance accepted list. Patient testimonials with condition context. Location, hours, and parking details. New patient information section with forms and what to expect. Avoid: jargon-heavy service descriptions, hiding the appointment CTA, and generic healthcare imagery.","Patient portal as the primary authenticated view: upcoming appointments, test results, medication list, and billing summary. Messaging system with providers for non-urgent communication. Prescription refill requests. Appointment scheduling with provider availability and visit type selection. Medical records access with clear, plain-language summaries alongside clinical data. Insurance and billing section with statement history and payment options. HIPAA compliance must be visible — not just technical but communicated through the UI with privacy indicators. Avoid: overwhelming patients with clinical data, poor mobile experience for the portal, and requiring phone calls for tasks that could be self-service.","Calm, clinical palette with warmth. Medical blue or teal as primary — universally associated with healthcare trust and calm. White and soft grey backgrounds for cleanliness and readability. Green as secondary for positive health states and availability. Warm accents (soft coral or warm grey) to prevent the interface from feeling sterile. Avoid: red as a UI element color (triggers anxiety in medical contexts), dark themes (patients associate brightness with cleanliness), and overly corporate blue-grey palettes that feel impersonal.","Trust and anxiety reduction are the foundational UX goals. Appointment booking should be completable in under 2 minutes with clear provider selection, visit type, and available time slots. Patient portal must be accessible on mobile — patients check results and message providers from phones. HIPAA compliance is not just legal but a UX signal: communicate data protection through visible security indicators, not just privacy policy links. Wait time estimates where feasible reduce frustration. Provider profiles are the most important content asset — invest in their completeness. Accessibility (WCAG AA) is mandatory for healthcare. Forms should pre-fill known patient data. Error messages should be calming and specific. Avoid: requiring patients to call for routine tasks, and login flows that frustrate access to time-sensitive test results.","Calm clinical clarity; medical blue palette, warm professional photography, structured provider profiles, reassuring whitespace, and anxiety-reducing hierarchy"
"Pharmacy / Drug Store","pharmacy, drug store, prescription, medication, refill, pharmaceutical, drugstore, rx, otc, dispensary","Functional, trustworthy, and health-conscious. The visual language should prioritize utility and ease of navigation over visual appeal — users arrive with a specific task (refill, purchase, locate). Typography must be highly legible, especially for medication names and dosage information where errors have real consequences. Layouts should support both task-oriented flows (prescription refill) and browse-oriented flows (OTC products). Clean organization and consistent patterns reduce cognitive load. Avoid: playful branding, dense product grids without clear categorization, and any design that makes medication information hard to read.","Hero should present the primary user task: refill a prescription or find a pharmacy location. Prescription transfer CTA for new customers. Below the fold: service categories (prescriptions, immunizations, health screenings, OTC products), store locator with hours and pharmacy-specific hours. Health resources section positions the pharmacy as a care provider, not just a retailer. Loyalty or savings program promotion. Trust signals: licensed pharmacist credentials, accreditation badges, and HIPAA compliance. Avoid: treating the pharmacy website like a pure retail site — the healthcare dimension must be visible and genuine.","Prescription dashboard as the primary view: active prescriptions with refill status, next refill dates, and auto-refill enrollment. Refill flow should be completable in under 60 seconds — select medications, choose pickup or delivery, confirm. Medication interaction warnings and allergy alerts visible at refill time. Order history and spending summary. Health records integration where applicable. Store locator with real-time pharmacy wait times. OTC product catalog with search and category filtering. Avoid: manual data entry for known prescriptions (top user complaint), hidden costs during the refill flow, and confusing flows that mix OTC shopping with prescription management.","Clean healthcare palette: pharmacy green as primary (universally associated with health and pharmacy). White backgrounds for clinical cleanliness and product readability. Blue as secondary for trust and information. Red reserved strictly for warnings and alerts (medication interactions, allergies). Product photography should be on white backgrounds with consistent sizing. Avoid: dark themes (readability is paramount for medication information), decorative colors that reduce the healthcare positioning, and inconsistent color treatment between prescription and retail sections.","Prescription refill efficiency is the primary UX metric — users return frequently and expect speed. Auto-refill enrollment is the highest-value retention feature. Medication information must be presented clearly: drug name, dosage, quantity, prescriber, and refill count visible at a glance. Drug interaction checks and allergy warnings are safety-critical UX features, not optional. Mobile is the primary refill channel for most users. Accessibility is critical given the broad demographic: large text options, screen reader compatibility, and high contrast for older users. Search must handle both brand and generic drug names. Notifications for refill reminders and ready-for-pickup reduce missed medications. Avoid: requiring users to re-enter prescription information that the system already has, and checkout flows that surprise with costs.","Clean, health-forward utility; pharmacy green palette, task-first refill flows, clear medication typography, clinical white backgrounds, and safety-first alerts"
"Dental Practice","dental, dentist, dental practice, orthodontics, oral health, teeth, dental clinic, smile, dental care, cosmetic dentistry","Friendly, clean, and confidence-building. The visual language should communicate both clinical competence and personal warmth — dental visits trigger anxiety, and the design should actively reduce it. Typography should be modern, approachable, and highly readable. Photography should show genuine, warm smiles — both from patients (before/after) and from the dental team. Layouts should be clean and uncluttered with calming whitespace. Avoid: clinical coldness, stock photos of people pointing at their teeth, dark or heavy design, and anything that reinforces dental anxiety rather than alleviating it.","Hero should feature a warm, real photo of the dental team or a patient's smile transformation, paired with a welcoming headline focused on patient experience rather than technical capability. Book Appointment CTA and phone number above the fold. Below the fold: services organized by category (general, cosmetic, orthodontics, emergency) with brief, jargon-free descriptions. Dentist profiles with photos, credentials, and a personal touch (hobbies, philosophy). Before-and-after gallery for cosmetic services — this is the highest-converting content for elective procedures. Insurance and payment options. Patient testimonials with treatment context. Avoid: technical jargon, stock photography, and intimidating clinical imagery.","If a patient portal exists, organize around: upcoming appointments with preparation reminders, treatment plan with completed and upcoming procedures, billing with insurance claims status, and recall reminders for cleanings and checkups. X-rays and treatment photos accessible for patient reference. Secure messaging with the practice. Online forms for new patients. Avoid: dense clinical interfaces — dental patients want simple access to their next appointment, their balance, and a way to ask questions.","Soft, confidence-building palette. Clean white as dominant background (cleanliness association). Fresh blue or teal as primary — calming and associated with health. A warm accent (soft gold, coral, or sage) prevents the palette from feeling sterile. CTA buttons (Book Now) should use the highest-contrast treatment on the page. Before-and-after galleries need neutral backgrounds that do not influence perception of tooth color. Avoid: red (triggers anxiety and bleeding association), dark themes, and overly clinical blue-white combinations that feel like a hospital rather than a friendly practice.","Anxiety reduction is the invisible UX challenge. Friendly photography and warm copy do more for conversion than any technical feature. Before-and-after galleries are the highest-ROI content for cosmetic dentistry — invest in quality photography. Online booking should offer specific appointment types (cleaning, consultation, emergency) with duration estimates. New patient forms should be completable online before the visit. Insurance verification information should be findable without calling. Mobile optimization is critical — dental searches happen on phones, often urgently for emergencies. Review management is essential — prospective patients read dental reviews more carefully than almost any other local service category. Accessibility (WCAG AA) ensures all patients can navigate scheduling and forms.","Friendly clinical warmth; fresh blue-white palette, genuine smile photography, anxiety-reducing design, prominent booking CTA, and approachable provider profiles"
"Veterinary Clinic","veterinary, vet, animal hospital, pet care, veterinarian, animal clinic, pet health, vet clinic, animal care, pet hospital","Warm, caring, and professionally reassuring. The design should communicate love for animals alongside medical competence. Photography should feature real patients (animals) and staff interacting warmly — this is the most emotionally powerful content. Typography should be friendly and readable with clear hierarchy. Layouts should be clean and organized with easy access to essential information (emergency, booking, services). Color should be warm and inviting. Avoid: overly clinical aesthetics that feel like a human hospital, clip art or cartoon animals on a professional practice site, and dark themes that contradict the warm, caring positioning.","Hero should feature an authentic photo of a veterinarian caring for an animal at the actual clinic, paired with a warm headline about the care philosophy. Book Appointment CTA and emergency phone number both prominent above the fold. Below the fold: services by category (wellness exams, surgery, dental, emergency, exotic pets if applicable). Team section with photos, credentials, and a personal note about their own pets — pet owners connect with this. Client testimonials mentioning pet names and species. Facility tour photos. Insurance and payment information. AAHA accreditation or other trust badges. Avoid: stock photos of animals, hiding emergency contact information, and service descriptions written in veterinary jargon.","If a client portal exists, organize around pets (not people): each pet profile shows vaccination records, upcoming appointments, medication schedules, weight history, and visit notes. Appointment booking with species-appropriate time slots. Prescription refill requests. Vaccination and preventive care reminders. Billing and payment history. Photo upload for telehealth consultations. Multi-pet management for households with several animals. Avoid: human-medical portal patterns that do not account for multi-pet households, and dense clinical data that pet owners cannot interpret.","Warm, nature-inspired palette. Caring blue or teal as primary — calming and medically trustworthy. Warm green secondary (nature, health). Soft earth tones (cream, warm grey, sage) for backgrounds. A friendly accent (warm coral, soft orange) for CTAs and interactive elements. Photography of animals should provide most of the visual warmth. Avoid: clinical white-and-blue that feels like a human hospital, neon or overly bright colors that feel unserious, and palettes that do not photograph well alongside diverse animal coat colors.","Trust is formed in 0.05 seconds — the first impression must communicate warmth and competence simultaneously. 85% of pet owners prefer online booking over calling, making appointment scheduling the critical conversion feature. Emergency information must be immediately findable — not buried in menus. Services should be described in pet-owner language, not veterinary terminology. Mobile is the primary device for finding and researching local vets. Reviews are heavily weighted in decision-making — display them prominently. SSL and form security assurances matter when collecting pet health information. Accessibility (WCAG AA) ensures all pet owners can book appointments regardless of ability. Avoid: requiring account creation before booking, and hiding pricing for routine services like vaccinations and wellness exams.","Warm, pet-friendly professionalism; caring blue-green palette, authentic animal photography, prominent emergency access, easy online booking, and species-aware portal design"
"Florist / Plant Shop","florist, flower shop, plant shop, floral, bouquet, arrangement, delivery, plants, garden, botanical","Lush, natural, and visually rich. Floral products are inherently beautiful — the design should frame and enhance that visual appeal rather than competing with it. Typography should be elegant and clean: a refined serif for headings, a readable sans-serif for product details. Layouts should let product photography breathe with generous whitespace. Backgrounds should be warm and neutral to complement the natural colors of flowers and plants. The experience should feel curated and artisanal, not mass-market. Avoid: cluttered product grids, cold or clinical backgrounds, dark themes that make flowers look washed out, and excessive text that competes with imagery.","Hero should feature a stunning, seasonal arrangement with clear same-day delivery messaging if offered. Below the fold: products organized by occasion (birthday, sympathy, anniversary, congratulations, just because) — occasion-based browsing converts higher than type-based. Featured collections or seasonal highlights. Delivery area checker (zip code or city input) early in the experience to set expectations. Pricing clearly visible on all product cards. Subscription or recurring delivery option for plant shops. Trust signals: satisfaction guarantee, freshness guarantee, and delivery reliability. Avoid: hiding delivery areas until checkout, products without prices, and generic product photography.","Most florists do not need a customer-facing dashboard. If one exists, show: order history with reorder functionality (recurring occasions like anniversaries), delivery tracking for active orders, subscription management for recurring deliveries, and saved recipients with addresses. For the business side: order queue with delivery schedule, driver routing, inventory management with freshness tracking, and seasonal planning calendar. Avoid: over-engineering — florist operations are time-sensitive and the admin interface must prioritize today's orders above everything.","Natural, botanical palette: warm greens and soft earth tones as the foundation. Product photography defines the color experience — the UI palette should complement, not compete. Warm cream or soft white backgrounds make flowers look their best (never stark white or grey). Subtle gold or blush accents for CTAs and premium positioning. Seasonal palette adjustments can reflect current inventory (spring pastels, autumn warmth, holiday reds). Avoid: bold UI colors that clash with floral photography, dark backgrounds that desaturate flower colors, and cool-toned whites that make arrangements look clinical.","Same-day delivery cutoff times are the most critical piece of information — display prominently and count down when close. Delivery area validation should happen before product browsing (zip code checker), not at checkout when abandonment cost is highest. Occasion-based navigation converts better than category-based (roses, lilies) for gift purchasers. Product photography must be accurate to what arrives — unmet expectations are the top complaint in floral e-commerce. Mobile is the dominant channel for gift-occasion purchases (often last-minute). Checkout must be fast: recipient address, delivery date, card message, payment — under 3 minutes. Subscription and reminder features for recurring occasions build long-term customer value. Avoid: generic product photos that do not match delivered arrangements, and checkout flows that do not confirm delivery availability for the selected date.","Lush, occasion-driven design; botanical warmth, editorial product photography, delivery-forward messaging, warm neutral backgrounds, and seasonal color storytelling"
"Bakery / Cafe","bakery, cafe, pastry, bread, coffee shop, patisserie, baked goods, brunch, breakfast, dessert","Warm, appetizing, and unpretentious. The visual language should make visitors hungry — photography is the most important design element. Typography should be friendly and readable with a touch of character: a warm serif or hand-crafted heading font paired with clean body text. Layouts should be simple and content-focused. Colors should be warm and organic. The experience should feel like walking into the shop: inviting, aromatic, and personal. Avoid: overly polished corporate design, dark or moody aesthetics (unless specifically a craft/artisan brand), cluttered menus, and cold, clinical presentation of food.","Hero should feature the most appetizing product photography available — a hero image of fresh bread or a signature pastry creates immediate craving. Location and hours visible above the fold. Online ordering CTA if available. Below the fold: menu organized by category (bread, pastries, cakes, drinks, savory) with photos and prices. About section with the bakers story, sourcing philosophy, or founding narrative. Catering or custom cake information for high-value orders. Instagram feed or gallery showing daily specials and behind-the-scenes baking. Customer reviews. Avoid: PDF menus, menus without photos, and hiding location and hours below the fold.","Most bakeries do not need a customer-facing dashboard. If online ordering exists, provide: order status with estimated ready time, order history with reorder functionality, loyalty or rewards tracking, and saved favorites. For the business side: daily order queue organized by pickup time, custom cake requests with specifications and timeline, inventory tracking for perishables, and daily production planning. The ordering interface should support both advance ordering and same-day pickup. Avoid: complex checkout flows for simple counter purchases.","Warm, appetite-stimulating palette: cream, warm brown, honey gold, and soft butter tones as the foundation. These colors evoke baking ingredients and warmth. A single stronger accent for CTAs (warm coral, brick red, or deep teal). Photography provides the color richness — the UI palette should be a warm, neutral frame. Backgrounds should be warm cream or soft white, never stark white. Avoid: cool blues and greys that suppress appetite, dark backgrounds that make food look unappetizing, and saturated colors that compete with food photography.","Online ordering convenience is the primary differentiator for bakeries with web presence — reduce phone calls and increase order accuracy. Menu presentation must include photos for at least the top sellers; menus without images underperform. Location, hours, and phone number must be findable within 2 seconds. Mobile is the primary browsing channel, especially for local searches. Page speed matters for local SEO rankings. Special orders (custom cakes, catering) need a dedicated flow with enough detail to quote accurately: size, flavor, design, date, delivery or pickup. Daily specials or seasonal items should be easy to update without redesigning the page. Avoid: PDF-only menus that frustrate mobile users, and websites that cannot answer the three basic questions immediately: what do you sell, where are you, and when are you open.","Warm, appetite-forward design; bakery-toned palette, hero food photography, prominent hours and location, simple ordering flow, and artisanal personality"
"Coffee Shop","coffee, coffee shop, cafe, espresso, roastery, barista, coffeehouse, latte, roaster, brew","Warm, intimate, and craft-conscious. The visual language should evoke the sensory experience of coffee — warmth, aroma, ritual. Typography should be distinctive but readable: a characterful display font for the brand paired with a clean, warm body font. Photography should be rich and atmospheric: close-ups of latte art, beans, brewing processes, and the interior space. Layouts should be simple and inviting. The experience should feel like the cafe itself: unhurried, personal, and detail-oriented. Avoid: corporate chain aesthetics, generic coffee stock photography, cluttered layouts, and cold or clinical design.","Hero should feature atmospheric photography of the space or a signature drink, with location and hours immediately visible. Menu CTA or mobile ordering link if available. Below the fold: the menu organized simply (espresso, filter, seasonal, food, retail beans). Origin story or sourcing philosophy — single-origin or specialty coffee customers care deeply about provenance. Retail section if beans or merchandise are sold online. Loyalty program promotion. Location with parking and transit details. Events or community involvement (cuppings, live music). Avoid: hiding the menu, overcomplicating the experience for what should be a simple local business site, and failing to show the actual interior space.","Most coffee shops do not need a customer-facing dashboard. If mobile ordering exists: simple order builder with size, milk, and modifier selections. Order status with estimated ready time. Order history with one-tap reorder for regulars. Loyalty points or stamp card tracking. Saved favorites. Subscription management for bean deliveries if applicable. For the business side: real-time order queue, inventory alerts for running low, and daily sales summary. Avoid: over-engineering — coffee ordering should be faster than standing in line, not slower.","Rich, warm coffee-inspired palette: deep espresso brown, warm cream, coffee-with-milk caramel, and raw linen tones. These create an immediate sensory association. A single accent color for CTAs and highlights (warm terracotta, sage green, or muted gold). Photography should carry the visual richness. Backgrounds should be warm cream or soft parchment, evoking paper and natural materials. Avoid: stark whites that feel cold, saturated colors that overpower the warm coffee aesthetic, dark backgrounds for the main site (reserve dark for evening events or retail sections), and any color that does not feel handcrafted.","The website exists primarily to answer four questions: where are you, when are you open, what do you serve, and can I order ahead. Answer all four within 5 seconds of landing. Location and hours must be visible without scrolling. Mobile ordering (if offered) is the highest-value feature — ensure it is faster than ordering in person. The origin story and sourcing details build emotional connection and justify premium pricing for specialty shops. Retail bean sales and subscriptions are the highest-margin digital channel — make them prominent without overwhelming the cafe experience. Photography must be authentic to the actual space — visitors will feel deceived if the website atmosphere does not match the shop. Local SEO (Google Business integration, location keywords) drives the majority of traffic for independent coffee shops.","Cozy craft aesthetic; espresso-toned palette, atmospheric photography, simple menu-forward layout, warm textures, and origin-story warmth"
"Brewery / Winery","brewery, winery, craft beer, wine, taproom, tasting room, vineyard, microbrewery, cellar, vintner","Rich, artisanal, and story-driven. The visual language should communicate craft, heritage, and sensory experience. Typography should have character — a distinctive display font that reflects the brand personality (rustic, modern craft, or refined) paired with a readable body font. Photography should be atmospheric: the production space, ingredients, pours, and the people behind the product. Layouts should balance storytelling with e-commerce functionality. Dark backgrounds can work for evening/tasting atmosphere, but product pages need accurate color rendering. Avoid: generic stock imagery, corporate beverage branding, and designs that feel more like a liquor store than a craft producer.","Hero should establish the brand atmosphere — a full-bleed image of the tasting room, vineyard, or brewing process with a compelling tagline. Below the fold: default to showing all products rather than categories — for under 15 products, no filtering is needed. Product cards with bottle shot (hover to reveal lifestyle imagery), name, variety, and price. Tasting room or taproom information with hours, reservation link, and location. Events calendar (tastings, releases, food pairings). The story section: founders, process, terroir, or ingredients — this content drives emotional purchase decisions. Club or membership promotion. Avoid: confusing navigation that buries tasting room info, weak CTAs, and product pages that do not help customers distinguish between similar offerings.","If a club/membership portal exists: upcoming shipments with contents and delivery date, membership tier and benefits, order history, account management, and event access. For the tasting room: reservation management and waitlist. For the business side: inventory by batch, taplist management with real-time status (on tap, running low, kicked), production schedule, and club member analytics. Menu or taplist must be easy to update since rotating selections are expected. Avoid: static menus that do not reflect current availability, and club management that requires phone calls for basic changes.","Product-appropriate palette: amber, deep gold, and rich brown tones for breweries; burgundy, deep purple, and aged gold for wineries. Dark backgrounds can create atmospheric product showcases, but product photography needs accurate color rendering (especially for wine label readability). Cream or warm white for text-heavy and e-commerce sections. Metallic accents (gold, copper, brass) add craft premium feel. Avoid: bright or neon colors that feel mass-market, clinical whites that strip the artisanal atmosphere, and UI colors that interfere with accurate perception of beverage color in product photos.","The website must bridge the physical experience gap — without taste and smell, storytelling and photography carry the entire sensory load. Product differentiation is critical: when multiple offerings look similar (e.g., three IPAs or four Chardonnays), use callouts for body type, flavor profile, or production method. Critic reviews outperform user reviews for small producers — cite the reviewer. Product detail pages should structure information in scannable sections: tasting notes, food pairings, production details, awards. 65-75% of traffic is mobile; optimize accordingly. Tasting room reservations should be bookable online. E-commerce checkout must handle shipping compliance (age verification, state restrictions). Menu or taplist must be trivially updateable for rotating selections. Avoid: outdated menus that do not reflect what is actually available, and product pages that make all offerings look identical.","Rich, craft-story-driven design; atmospheric photography, artisanal typography, amber-to-burgundy palette, rotating menu integration, and tasting-room-to-web bridge"
"Airline","airline, aviation, flights, air travel, booking, carrier, air, flying, airways, ticketing","Efficient, trustworthy, and globally polished. The design must handle extreme information density (dates, routes, prices, classes, ancillaries) without overwhelming users. Typography must be precise and legible at small sizes for fare comparisons and flight details. Layouts should be highly structured with clear visual hierarchy separating search, results, and booking steps. The interface should communicate competence and reliability — travelers trust airlines that feel organized. Support for multiple languages and currencies is foundational. Avoid: decorative design that slows comprehension, cluttered fare displays, dark themes for the booking flow, and playful branding that undermines the gravity of air travel.","Hero should be a prominent flight search widget: origin, destination, dates, passenger count, and class. This is the only element that matters above the fold. Below the fold: promotional fares or route deals with specific prices, loyalty program promotion, and route map or destination inspiration for leisure travelers. Trust signals: safety record, fleet information, and alliance memberships. App download promotion with mobile-specific features (boarding pass, real-time updates). Status or flight tracking for existing travelers. Avoid: hero imagery that pushes the search below the fold, hiding promotional fares, and mixing business and leisure messaging in confusing ways.","Booking management as the primary authenticated view: upcoming trips with itinerary, booking reference, seat selection, and check-in status. Trip timeline showing each leg with departure, arrival, gate, and terminal. Boarding pass access (mobile and printable). Loyalty program status: points balance, tier progress, and redemption options. Flight status with real-time updates and delay notifications. Past trips for rebooking. Baggage tracking. Ancillary management (seat upgrades, meals, lounge access). Avoid: booking flows that take more than 5 steps, hiding the total price until the final step, and ancillary upsell screens that prevent users from advancing without explicit action.","Brand-centric palette: airline identity color as primary (this is one of few product types where brand color supersedes UX convention). Sky blue or white as secondary for the booking flow — clean and trustworthy. Price displays should use high contrast against neutral backgrounds for easy scanning. Semantic colors: green for confirmed/available, amber for limited/warning, red for unavailable/cancelled. Fare class differentiation through subtle background tinting or border color. Avoid: dark backgrounds for search results and fare comparison (readability is critical), color coding that varies between mobile and desktop, and decorative color that competes with pricing information.","The booking flow is the entire product — optimize relentlessly for completion rate. Search results must load fast and display clearly: price, times, duration, stops, and aircraft. A persistent price summary must be visible throughout the multi-step booking process so users always know the running total. Ancillary upsells (seats, bags, meals) must be clearly optional and never block progression. Fare comparison should be honest: show total price including mandatory fees, not base fare. Mobile is the primary channel for check-in, boarding pass, and flight status — these must be flawless. Push notifications for gate changes, delays, and boarding should be real-time and reliable. Multi-language and multi-currency support must be seamless, not bolted-on. Accessibility (WCAG AA) is critical for a public transportation service. Avoid: dark patterns that trick users into purchasing unwanted ancillaries, and booking flows that lose state on back-button navigation.","Globally polished efficiency; brand-centric palette, search-dominant hero, persistent price summary, structured fare comparison, and flight-status-forward mobile experience"
"News / Media Platform","news, media, journalism, press, publication, editorial, current events, reporting, headlines, newsroom","Content-first with unwavering readability. Typography is the design — invest heavily in a typographic system that handles headlines, body text, captions, bylines, and pullquotes with clear hierarchy. Serif fonts for body text improve long-form readability; bold sans-serifs work well for headlines. Layouts should support rapid scanning of headlines while providing comfortable long-form reading. Information density should be high on the homepage and section pages, low on article pages. Whitespace around article text is essential for reading comfort. Avoid: decorative design that competes with content, distracting sidebar widgets, autoplay video on article pages, and typography that sacrifices readability for personality.","Homepage is a news product — it should surface the most important and most recent stories with clear editorial hierarchy: lead story with large imagery, secondary stories in a grid, and section teasers. Breaking news banner capability. Category/section navigation must be fast and predictable. Below the fold: section previews (politics, business, culture, opinion) with 3-5 story teasers each. Newsletter signup CTA. Subscription or membership promotion that communicates the value of journalism without being obtrusive. Avoid: auto-rotating carousels that obscure editorial judgment, cluttered homepages where everything competes for attention, and hero layouts that bury breaking news capability.","For editorial teams: CMS-driven publishing workflow, analytics per article (views, read depth, shares), topic and author performance tracking, and SEO optimization suggestions. For subscribers: saved articles, reading history, newsletter preferences, and subscription management. For all users: article reading experience should include: adjustable text size, estimated read time, progress indicator for long pieces, related articles, and social sharing. Avoid: dashboards that prioritize vanity metrics over audience insight, and reader-facing features that interrupt the reading experience.","Brand identity palette: most news organizations have established colors — these should be used for navigation and brand elements. Article pages should be typographically neutral: near-black text on warm or neutral white, with minimal color interference. Category or section color coding can aid navigation but must be subtle. Link colors should be clearly distinguished from body text. Breaking news indicators in red or high-contrast accent. Avoid: dark themes as default for reading (reduces perceived neutrality and readability), colored backgrounds behind article text, and UI colors that create visual fatigue during extended reading sessions.","Article format and presentation clarity is the single biggest driver of user satisfaction — a one-point improvement in format satisfaction raises overall UX quality by 12%. Reading experience must be optimized: 55-75 character line length, generous line height (1.5-1.6x), clear heading hierarchy, and no interstitial ads that break reading flow. Homepage must load fast and update frequently for breaking news. Paywall implementation should be clear and fair — metered paywalls outperform hard walls for acquisition. Search must span the full archive with relevant, date-aware results. Mobile reading must be equal to desktop — most news consumption happens on phones. Push notifications for breaking news must be timely, relevant, and not overused. Accessibility (WCAG AA) is essential for a public information service. Performance is critical: every 100ms of load time correlates with reduced engagement for news sites.","Typography-led editorial clarity; reading-optimized line length, neutral article pages, dense-but-scannable homepage, breaking-news-ready hierarchy, and subscription-respectful paywall"
"Magazine / Blog","magazine, blog, editorial, articles, content, publishing, writer, columnist, opinion, digital magazine","Typography-driven and editorially refined. This is a reading product — every design decision should serve comprehension and engagement with long-form content. Invest in a typographic system: serif body text for readability, bold sans-serif headlines for impact, and clear hierarchy across subheads, captions, bylines, and pullquotes. Layouts should balance visual richness (hero imagery, pullquotes, featured graphics) with comfortable reading zones. Whitespace around article body text is non-negotiable. Avoid: cluttered sidebars that compete with content, autoplay media, decorative UI elements that distract from reading, and typography that sacrifices legibility for personality.","Homepage should present a curated editorial hierarchy: lead story with large imagery and compelling headline, secondary story grid, and section teasers. Category navigation (culture, tech, opinion, lifestyle) should be prominent and fast. Featured or editors-pick section adds editorial voice. Newsletter signup CTA integrated naturally, not as a popup. Author pages with bio, photo, and article archive. Below the fold: trending or most-read articles, category previews with 3-5 story teasers each. Subscription or membership promotion if applicable — focus on the value of the editorial voice, not generic access. Avoid: auto-rotating carousels, clickbait headlines, and homepage layouts that flatten all content to equal weight.","For editors: content calendar, draft management, SEO optimization suggestions, and per-article analytics (views, read depth, shares, time on page). For readers: saved articles, reading history, newsletter preferences, dark mode toggle, and subscription management. Article reading experience: estimated read time, progress indicator for long pieces, adjustable text size, related articles at the end, and social sharing. Comment system (if enabled) should be moderated and threaded. Avoid: analytics dashboards that prioritize page views over engagement depth, and reader features that interrupt the reading flow.","Brand-forward palette for navigation and identity elements, but article pages should be typographically neutral. Near-black text on warm or neutral white for body text — never grey text on white. Category color coding can aid navigation but must be subtle and never bleed into article backgrounds. Link colors clearly distinguished from body text. Accent color for CTAs (subscribe, newsletter). Dark mode option with proper contrast ratios (not just inverted colors). Avoid: colored backgrounds behind article text (kills readability), high-saturation UI that causes fatigue during extended reading, and palettes that override editorial photography.","Reading experience quality is the core UX metric. Optimize line length (55-75 characters), line height (1.5-1.6x), and body text size (minimum 18px) for sustained reading comfort. Good editorial design makes readers forget they are on a screen. Article pages should minimize distractions: no autoplay video, no interstitial ads that break flow, and no sticky elements that reduce reading area. Page speed is critical — slow-loading articles lose readers before the first paragraph. Mobile reading must match desktop quality; most editorial consumption happens on phones. Search must span the full archive with relevant, date-aware results. Newsletter signup should offer genuine editorial value, not just access. Accessibility: proper heading hierarchy, alt text for editorial images, and screen reader compatibility for article structure.","Editorial craft meets digital clarity; typography-led hierarchy, reading-optimized body text, rich editorial imagery, neutral article backgrounds, and content-first density"
"Freelancer Platform","freelancer, freelance, gig, independent contractor, self-employed, remote work, talent marketplace, skilled professional, project-based, contract work","Professional and efficient with clear dual-audience design. The interface must serve both freelancers (selling skills) and clients (buying outcomes) without confusing either side. Typography should be clean and scannable — profile browsing requires rapid comparison. Layouts should use consistent card patterns for freelancer profiles with key information visible at a glance. Search and filtering are the primary interactions and must be prominent. The design should feel trustworthy and competent. Avoid: overly casual or startup-playful branding, inconsistent profile presentations, and layouts that blur the line between freelancer and client experiences.","Hero should serve both audiences with a clear value proposition and separate entry paths: Find Talent and Find Work. Search bar with skill/category input as the primary CTA. Below the fold: popular categories with representative work samples, featured freelancers or projects, and platform metrics (projects completed, freelancers available, total paid out). Trust signals: payment protection, dispute resolution, and platform review scores. How-it-works section for new users (both sides). Testimonials from both freelancers and clients. Avoid: messaging that only speaks to one side of the marketplace, hiding the search, and generic gig economy imagery.","Freelancer dashboard: profile completeness indicator (drives matching quality), active proposals and their status, current projects with milestones and deadlines, earnings with payout schedule, reviews and ratings, and skill endorsements. Client dashboard: active projects with freelancer status, posted jobs with applicant counts, hiring pipeline, spend history, and saved freelancers. Both: messaging system with project context, file sharing, and time tracking where applicable. Search with robust filtering: skill, rate range, experience level, availability, location, and rating. Avoid: hiding earnings data from freelancers, and notification overload that does not distinguish urgent from routine.","Professional, trust-building palette. Blue as primary conveys reliability for a financial transaction platform. Green for success states (project completed, payment sent, available). Neutral greys for backgrounds and card borders so portfolio work and profile photos dominate. Accent color for primary CTAs (Hire, Submit Proposal). Category colors can be used sparingly for skill area differentiation. Avoid: playful palettes that undermine professional credibility, dark themes as default (profile browsing is a daytime activity), and heavy brand coloring that competes with portfolio imagery.","Profile completeness is the #1 lever for matching quality — incentivize and guide freelancers to complete profiles through progress indicators and clear prompts. Search must be fast, intelligent, and support both keyword and category-based discovery. Profile cards should show: name, title, rating, hourly rate, skills, and a portfolio thumbnail without clicking. Proposal submission should be fast but structured — templates with customizable sections. Payment flow must feel secure: escrow indicators, milestone-based releases, and clear fee transparency. Mobile is important for messaging and notifications but desktop dominates for hiring and proposal work. Review systems must be bilateral (client reviews freelancer AND freelancer reviews client) to build marketplace trust. Avoid: requiring account creation before browsing, and payment flows that feel opaque about platform fees.","Professional dual-audience layout; trust-blue palette, scannable profile cards, robust search and filtering, portfolio-forward profiles, and secure transaction indicators"
"Consulting Firm","consulting, consultancy, advisory, management consulting, strategy, professional services, business consulting, consultant, advisory firm, strategic consulting","Authoritative, polished, and substance-driven. The visual language should communicate intellectual rigor and business impact without feeling stuffy. Typography should be refined and professional — a strong serif or premium sans-serif that conveys expertise. Layouts should be clean and spacious with deliberate use of whitespace to signal premium positioning. Photography should show real team members in authentic settings — boardrooms and workshops, not stock handshakes. The overall tone should say: we think deeply and deliver results. Avoid: generic corporate design, busy layouts, stock business photography, and visual patterns borrowed from SaaS or startups.","Hero should lead with the firm's core expertise and a results-oriented value proposition — not what you do, but what clients achieve. Below the fold: service areas or practice groups with concise descriptions. Case studies section is the most important content on the site — each should show client context, approach, and quantified outcome. Team section with senior leadership photos, credentials, and areas of expertise. Thought leadership section (articles, whitepapers, reports) that demonstrates domain knowledge. Industry or client logos for social proof. CTA should be Schedule a Consultation or Contact Us — never Get Started. Avoid: feature-benefit grids, pricing pages (consulting is custom-scoped), and generic messaging that could apply to any firm.","Most consulting firms do not need a client-facing dashboard. If a client portal exists, organize around: active engagements with deliverable timelines and status, document repository for shared materials (presentations, reports, data), meeting notes and action items, and invoice/billing summary. For internal use: pipeline management for new opportunities, resource allocation across engagements, utilization tracking, and knowledge management for reusable frameworks. Avoid: complex dashboards — consulting clients want deliverable status and document access, not analytics.","Restrained, premium palette. Navy or charcoal as primary — conveys authority and seriousness. Gold, brass, or warm accent for subtle emphasis (CTAs, section dividers, headings). White or very light warm grey backgrounds for content areas. Photography and case study imagery provide visual interest — the UI palette should be a neutral frame. Limit to 3 colors maximum. Avoid: bright blues that feel tech-startup, trendy gradients, colorful UI elements that reduce perceived gravitas, and dark themes that feel more tech-company than professional services.","Case studies with quantified outcomes are the single most important content asset — invest heavily in their quality and presentation. Thought leadership content (articles, reports) drives organic traffic and establishes expertise; make it easy to find and share. Team profiles are high-traffic pages — credentials, experience, and a genuine photo build trust. Navigation should be shallow and predictable: services, industries, case studies, team, insights, contact. Mobile must work well for executive audiences who browse during commutes. Page speed matters for SEO and first impressions. Contact forms should be short (name, company, topic, message) and clearly indicate what happens next. Avoid: gated content that requires forms before any value is shown, and websites that talk about the firm's process more than client outcomes.","Authoritative premium restraint; navy-gold palette, case-study-forward content, refined typography, whitespace-rich layouts, and substance-over-style hierarchy"
"Marketing Agency","marketing agency, advertising, digital marketing, creative agency, brand agency, media agency, campaign, ad agency, growth agency, performance marketing","Bold, results-driven, and creatively confident. The site is a portfolio piece — the design itself demonstrates capability. Typography should be large and expressive for headlines, clean for body text. Layouts can break conventions intentionally — asymmetric grids, bold section transitions, and unexpected interactions demonstrate creative range. Motion and animation should feel crafted and purposeful. Photography and case study imagery should be rich and full-bleed. The overall tone should communicate both creative excellence and measurable business impact. Avoid: safe corporate design, templated layouts, stock photography, and visual restraint that contradicts the creative positioning.","Hero should make an immediate creative impact — bold typography, striking imagery, or motion that demonstrates the agency's aesthetic point of view. Below the fold: case studies are the primary content. Each should lead with results (revenue growth, conversion lift, brand metrics) and show the creative work. Services section organized by capability (brand, digital, media, performance, content). Client logos for credibility. Team or culture section that shows personality. Awards and recognition. Contact CTA should feel like the beginning of a creative partnership, not a sales funnel. Avoid: lengthy service descriptions, generic hero messaging, and portfolio presentations that do not connect creative work to business outcomes.","Most marketing agencies do not need a client-facing dashboard. If a reporting portal exists: campaign performance dashboards with key metrics (ROAS, CPA, conversion rate, impressions), channel breakdowns, and trend lines. Content calendar with approval workflows. Asset library for approved creative. Invoice and contract management. For internal use: project management with deliverable tracking, resource allocation, and profitability per client. Avoid: dumping raw analytics without context — every metric should be paired with interpretation and next steps.","Brand-expressive palette — marketing agencies have more creative freedom with color than most product types. Bold, distinctive color choices that differentiate from competitors. Dark backgrounds can create drama for case study presentations. High-contrast CTAs. The palette should feel intentional and ownable — if a competitor could use the same colors without noticing, it is not distinctive enough. Avoid: safe corporate blue-grey, inconsistent color usage that feels unplanned rather than bold, and palettes that compete with case study imagery rather than framing it.","The portfolio IS the pitch — case study quality is the single highest-impact investment. Each case study should show: the challenge, the creative solution, and the measurable result. Present creative work large and beautifully rendered. Page performance must be fast despite heavy imagery — use progressive loading and modern formats. Mobile must showcase work effectively; many prospects share agency links on phones. Contact should be frictionless — a short form or even just an email link. Agency sites often over-invest in about/culture pages and under-invest in case study depth; reverse this priority. Awards and recognition add credibility but should not dominate navigation. Avoid: case studies that show creative work without business outcomes, and sites that look like every other agency site.","Bold, results-forward creative; expressive typography, full-bleed case studies, distinctive color system, motion-rich interactions, and measurable-impact narrative"
"Conference / Webinar Platform","conference, webinar, virtual event, summit, symposium, seminar, online event, live stream, professional event, event platform","Structured, professional, and information-rich. The interface must handle complex event information (multiple tracks, speakers, schedules, time zones) without overwhelming attendees. Typography should be clean and hierarchical — event names, session titles, speaker names, and time slots all need distinct treatment. Layouts should organize dense information into scannable patterns. The design should feel polished and current — event platforms reflect on the organizer's brand. Support for both live and on-demand content is essential. Avoid: cluttered agendas, poor time zone handling, playful design that undermines professional events, and layouts that make multi-day events hard to navigate.","Hero should feature the event name, dates, and a compelling value proposition or keynote speaker highlight. Registration CTA must be the dominant action — large, high-contrast, and above the fold. Below the fold: agenda overview or track highlights, featured speakers with photos and credentials, sponsor logos, and early-bird or pricing tiers. Countdown timer creates urgency. Past event highlights or testimonials for recurring events. Virtual platform preview to set expectations for the experience. Networking or community features as a differentiator. Avoid: hiding the agenda behind registration, burying speaker information, and registration forms that ask for too much before showing value.","Four core components: registration, streaming sessions, engagement tools, and analytics. Attendee view: personalized agenda builder, session schedule with track filtering and time zone conversion, speaker profiles, live session access with Q&A and chat, networking directory, and on-demand replay library. Organizer view: registration analytics, session attendance tracking, engagement metrics, sponsor ROI reporting, and attendee feedback. Session experience: video player with slides sync, live Q&A queue, polls, and chat. Avoid: session navigation that loses context, chat that overwhelms the content, and replay access that is harder to find than live sessions.","Professional, event-brand-flexible palette. The platform should support custom event branding (colors, logos) while maintaining usability. Default palette: professional blue with clean whites and neutral greys. Session tracks can use color coding for quick identification. Live indicators in red or pulsing accent. CTA buttons (Register, Join Session) in high-contrast treatment. Avoid: platform brand colors that override event branding, dark themes for daytime professional events, and color coding systems that use more than 6 track colors (becomes meaningless).","Registration completion rate is the primary conversion metric. Registration forms should collect only essential information upfront — name, email, and ticket type. Additional data (company, role, interests) can be collected post-registration or progressively. Time zone handling is critical: display all times in the attendee's local zone with a visible zone indicator. Agenda should be filterable by track, day, speaker, and topic. Networking features should reduce the cold-start problem: suggest connections based on shared interests or sessions. Mobile experience must support session access, agenda, and networking on the go. Push notifications for session reminders and schedule changes. Accessibility: live captions for sessions, keyboard navigation, and screen reader support for the full experience. Avoid: registration flows that require 10+ fields, and replay access that expires before attendees can watch.","Structured event clarity; professional palette, registration-dominant hero, filterable multi-track agenda, time-zone-aware scheduling, and seamless live-to-replay transition"
"Membership / Community Platform","membership, community, members, subscription, exclusive, club, forum, private community, member portal, paid community","Engaging, familiar, and contribution-friendly. The design must balance content consumption with member participation — the platform succeeds when members create, not just consume. Typography should be readable for discussion threads and long-form posts while supporting clear hierarchy in navigation and categories. Layouts should make browsing, searching, and contributing equally intuitive. The logged-in experience should feel distinctly different from the public marketing site. Community features (forums, comments, reactions) should encourage interaction without requiring effort. Avoid: designs that feel like a content library with no social layer, overly complex forum interfaces, and paywalls that feel punitive rather than value-gated.","Public-facing landing page should communicate the value of membership: what members get (content, community, events, tools), who the community is for, and social proof (member count, testimonials, recognizable names). Pricing tiers presented clearly with honest feature comparison. Free preview or sample content to demonstrate value before the paywall. Member testimonials that describe the community experience, not just the content. CTA should feel like joining a community, not purchasing a product. FAQ addressing commitment, cancellation, and what to expect. Avoid: hiding all content behind signup, aggressive countdown timers, and pricing that feels extractive rather than fair.","Member dashboard should foreground activity: new posts, replies to their contributions, and updates from followed topics or members. Content library with search, category filtering, and progress tracking for courses or sequential content. Community directory with member profiles (opt-in), interests, and activity level. Event calendar for live sessions, AMAs, or workshops. Notification center with granular controls (email digest vs. real-time). Content dripping for sequential or course-based material. Badges, streaks, or milestones for engagement reinforcement. Direct messaging between members. Avoid: social features that feel forced, notification defaults that overwhelm, and content libraries without search or filtering.","Warm, community-forward palette. Brand color as primary — community platforms have strong brand identity. Warm secondary tones that create a sense of belonging (warmer palettes outperform cool/corporate for community). Content backgrounds should be clean and readable. Member-generated content (posts, comments) needs neutral framing so diverse content styles are readable. Status indicators for live events, new content, and member activity. Avoid: corporate blue-grey that feels transactional, dark themes as default for content-heavy communities (unless the audience expects it), and palette choices that make the space feel like a product rather than a gathering place.","Two core goals: promote the community and make it easy to contribute. Lower friction for member participation: simple posting forms, quick reactions, and easy content sharing. Paywall implementation should use timing + transparency + tone — reward engagement before asking for payment. Content dripping maintains engagement over time; avoid dumping all content at once. Onboarding should connect new members to relevant content and other members quickly. Notification strategy must balance engagement with annoyance — default to digest, let members opt into real-time. Retention metrics matter more than acquisition: track 90-day engagement, not just signups. Mobile experience must support both consumption and contribution. Avoid: community features that require desktop-only interaction, and membership cancellation flows that are harder than signup.","Warm, participation-driven design; brand-forward palette, activity-first dashboard, contribution-friendly interfaces, social proof-rich landing page, and community-over-content hierarchy"
"Newsletter Platform","newsletter, email newsletter, substack, email publication, subscriber, mailing list, email content, digest, dispatch, email writer","Minimal, typographic, and conversion-focused. The entire site exists to accomplish one thing: convert visitors into subscribers. Design should be stripped to essentials — the writing is the product, and the site should frame it cleanly. Typography should be editorial-quality: a refined body font for sample content, bold headlines for the newsletter name and value proposition. Layouts should be simple, single-column, and focused. Every element that is not driving subscription or showcasing content should be questioned. Avoid: complex navigation, feature-heavy designs, busy layouts, and any chrome that distracts from the writing and the subscribe CTA.","Hero should present the newsletter's value proposition in one compelling sentence, the publishing cadence, and a subscribe form — nothing else above the fold. The subscribe form should ask for email only; additional fields reduce conversion. Below the fold: sample issues or article excerpts that demonstrate the editorial voice and quality. Social proof: subscriber count, notable readers or endorsements, press mentions. Author section with photo, bio, and credentials — newsletter brands are personal brands. Topic overview if the newsletter covers specific domains. Avoid: generic subscribe messaging (use specific CTAs like Join 50,000 readers), hiding sample content behind signup, and landing pages that talk about the newsletter without showing the actual writing.","Subscriber dashboard (if applicable): newsletter archive with search, subscription management (frequency, pause, cancel), payment and billing for paid newsletters, and reading preferences. For the writer/publisher: subscriber analytics (growth, open rates, click rates, churn), draft editor, scheduling, and audience segmentation. Email design should be clean and readable: single-column, generous whitespace, and consistent formatting across email clients. Avoid: dashboards that overwhelm solo creators with metrics, and reader-facing features that make unsubscribing difficult.","Minimal, typography-forward palette. One brand color as the accent — this defines the newsletter's visual identity across the site and email headers. Clean white or warm off-white backgrounds for content and sample issues. Near-black text for body content. The subscribe button should use the highest-contrast treatment on the page — this is the single most important interactive element. Avoid: multi-color palettes that feel noisy for a writing-focused product, dark themes as default (reading preview content should match the email experience), and decorative color that pulls attention from the content samples.","The subscribe form is the entire conversion funnel — optimize it relentlessly. Email-only fields convert highest; every additional field reduces signup rates measurably. Specific CTAs outperform generic ones (Join 50,000 readers beats Subscribe by a significant margin). CTA button color changes alone can lift conversions by 30%. Place the subscribe form above the fold, after sample content, and in the footer — multiple touchpoints without being aggressive. Sample content must be genuinely good to convert — do not gate the best issues. Welcome email should arrive instantly and deliver any promised incentive while enthusiasm is highest. Mobile optimization is critical — most social media referral traffic (the primary acquisition channel for newsletters) arrives on phones. Avoid: popup forms that appear before visitors have seen any content, and unsubscribe flows that require more than one click.","Minimal editorial focus; single-accent palette, conversion-optimized subscribe form, sample-content-forward layout, author-brand prominence, and typographic simplicity"
"Digital Products / Downloads","digital products, downloads, templates, digital assets, ebooks, presets, printables, digital marketplace, software downloads, digital goods","Clean, preview-rich, and trust-forward. Digital products face a unique UX challenge: the customer cannot touch, hold, or try the product before purchase. The design must compensate through comprehensive previews, clear descriptions, and trust signals. Typography should be clean and functional for product listings while supporting detailed descriptions. Layouts should give product previews maximum space. Licensing information must be clear and accessible. The experience should feel modern, secure, and instant. Avoid: cluttered product grids without adequate previews, buried licensing terms, dark patterns around licensing tiers, and checkout flows that feel insecure for instant-delivery purchases.","Hero should showcase the flagship product or product category with a compelling preview and clear value proposition. Below the fold: product catalog organized by category with search and filtering. Product cards should show: preview thumbnail, title, price, rating, and product type. Featured or bestselling products section. Bundle or collection promotions. Trust signals: money-back guarantee, instant delivery confirmation, customer reviews, and secure payment badges. Creator or brand story if applicable. Avoid: hiding prices, showing products without previews, and landing pages that require browsing to understand what is being sold.","Buyer dashboard: purchase history with permanent re-download access, license keys and activation status, saved or wishlisted products, and order receipts. Seller dashboard (if marketplace): product listings with sales analytics, revenue and payout tracking, customer messages, and upload management. Product detail pages should include: multiple preview images or live demos, detailed description with specifications (file format, dimensions, compatibility), licensing terms in plain language, customer reviews, and related products. Avoid: download links that expire too quickly, unclear licensing that creates legal anxiety, and seller dashboards that hide earnings data.","Modern, product-appropriate palette. Clean whites and light greys as background to let product previews dominate. Brand accent color for CTAs (Buy, Download, Add to Cart). Category colors can be used sparingly for organization. Product preview areas should be neutral to allow accurate color representation. Green for success states (purchased, downloaded, active license). Avoid: dark themes that reduce product preview fidelity, heavy brand coloring that competes with product imagery, and inconsistent visual treatment between free and paid products.","Instant delivery expectation is absolute — after payment, the download must be available within seconds. Preview quality is the primary conversion lever: provide enough preview (screenshots, demos, sample pages) that customers feel confident purchasing sight-unseen. Licensing must be presented in plain language, not legal boilerplate — single user, commercial, unlimited, etc. Checkout should be fast: minimize steps for digital purchases where shipping is irrelevant. Support multiple payment methods including the expectation of one-click purchase for returning customers. Re-download access should be permanent or clearly stated. Refund policy must be visible — digital products have higher trust anxiety because they cannot be returned in the traditional sense. Mobile should support browsing and purchasing but the download experience may rightfully default to desktop. Avoid: checkout flows designed for physical goods (shipping address collection for a PDF), and product pages without enough preview to make a confident purchase decision.","Preview-rich digital storefront; clean product grid, instant-delivery messaging, clear licensing display, trust-forward checkout, and neutral backgrounds for product showcase"
"Church / Religious Organization","church, religious organization, worship, faith, congregation, ministry, parish, temple, mosque, synagogue","Welcoming, warm, and community-centered. The design should communicate both spiritual depth and practical accessibility — visitors may be seekers exploring for the first time or long-time members checking service times. Typography should be readable and dignified without being formal or stuffy. Photography should show the real community: diverse faces, authentic worship, and genuine connection. Layouts should be clean and simple with intuitive navigation. Avoid: overly corporate design, dark or heavy aesthetics, dated clip art or religious iconography that feels unwelcoming, and complex layouts that bury essential visit information.","Hero should feature an inviting photo of the actual community (not stock photos) with a warm welcome message and the two most important CTAs: Plan a Visit and Watch Live (or Service Times). Below the fold: service times and location with map and directions. Current sermon series or upcoming event highlight. About section with pastoral team, beliefs overview, and community values. Ministries or groups overview (kids, youth, small groups, outreach). Online giving CTA — clear, accessible, but not aggressive. Events calendar. Avoid: overwhelming visitors with too many CTAs, hiding service times below the fold, and a homepage that speaks only to existing members.","If a member portal exists: giving history with tax receipts, event registration, group directory, volunteer scheduling, and prayer requests. Sermon archive organized by series, speaker, topic, and scripture reference with search — sermon content drives the most repeat visits. Online giving that supports one-time and recurring donations with multiple payment methods. Event calendar with registration for classes, groups, and volunteer opportunities. For staff: attendance tracking, volunteer coordination, and communication tools. Avoid: portals that require login for publicly relevant information (service times, location, events), and giving interfaces that feel transactional.","Warm, inviting palette that reflects the community's character. Deep, rich tones (navy, deep teal, warm burgundy, or forest green) as primary convey depth and seriousness. Gold or warm accent for CTAs (Give Now, Plan a Visit). Cream or warm white backgrounds — not sterile white. Photography should carry the warmth and color diversity. Avoid: all-white clinical palettes that feel unwelcoming, dark themes that feel exclusive rather than inclusive, overly bright or trendy colors that feel unserious for a place of worship, and color choices that read as affiliated with a particular political stance.","Three CTAs deserve permanent mobile header placement: Watch Live, Give Now, and Plan a Visit — these drive the majority of engagement. Sermon content is the highest-returning-visit driver; make the archive searchable and organized by series. Online giving must be completable in under 30 seconds with clear recurring options and instant tax receipts. First-time visitor experience should be warm and informative: what to expect, where to park, what kids programs are available, and dress code (explicitly saying casual if applicable). Mobile optimization is critical — most church website visits happen on phones during the week. Location and service times must be findable within 2 seconds of landing. Accessibility (WCAG AA) is a moral imperative for organizations that proclaim welcome. Avoid: giving CTAs that feel pressuring, and homepages that assume all visitors are already members.","Welcoming, community-warm design; deep warm palette, authentic congregation photography, prominent service times, three-CTA mobile header, and seeker-friendly information hierarchy"
"Sports Team / Club","sports team, club, athletic, league, franchise, team, fan, supporter, roster, sports organization","Energetic, brand-proud, and fan-focused. The design should channel team identity and generate excitement. Team colors should be used boldly and consistently. Typography should be strong and dynamic — athletic fonts for headlines, clean sans-serifs for information. Photography should be high-energy: action shots, celebrations, and crowd moments. Layouts should support rapid access to time-sensitive information (scores, schedules, tickets). The site serves multiple audiences: fans wanting updates, ticket buyers, merchandise shoppers, and sponsors. Avoid: generic sports imagery, muted or corporate color treatment of team colors, slow-loading pages that frustrate fans checking live scores, and designs that feel more like a corporate sponsor than a sports team.","Hero should feature a dynamic team image or current season highlight with the next game prominently displayed (opponent, date, time, venue, ticket CTA). Below the fold: latest news and match results, upcoming schedule with ticket links, roster highlights or player features, and merchandise promotion. Standings or league table for context. Fan engagement content: behind-the-scenes media, community events, and fan features. Season ticket or membership promotion. Sponsor logos in a dedicated section. Avoid: static heroes that do not update with current season, hiding the schedule, and homepage layouts that prioritize sponsor content over fan content.","Fan-facing: game schedule with ticket purchase, live scores and match updates, player roster with stats and bios, news and media gallery, merchandise shop, and season ticket or membership management. For club operations: ticket sales analytics, attendance tracking, merchandise inventory, sponsor management, and membership database. Match day experience: live score updates, lineup, play-by-play or commentary, and post-match highlights. Player pages should include: stats, bio, photos, and career history. Avoid: fan-facing dashboards that feel like admin tools, and match pages that are not updated in real-time on game day.","Team colors as the dominant palette — this is one of the few product types where brand identity completely overrides standard UX color conventions. Primary team color for headers, navigation, and hero backgrounds. Secondary team color for accents and CTAs. White or light backgrounds for content areas where readability matters (schedules, articles, roster). Dark backgrounds work well for media galleries and match-day experiences. Ensure team colors maintain sufficient contrast for text and interactive elements — if team colors are low-contrast (e.g., yellow on white), introduce a dark neutral as a pairing. Avoid: diluting team colors with corporate neutrals, and using team colors in ways that make text illegible.","Over 60% of sports website traffic is mobile — fans check scores, schedules, and tickets on phones. Page speed must be fast, especially on match days when traffic spikes. Schedule and ticket access should be reachable in one tap from any page. Live score updates should refresh automatically without full page reloads. Merchandise should integrate seamlessly — fans want team gear without leaving the team site. Notification capability for match updates, ticket availability, and breaking team news. Player roster should be current and comprehensive — fans care deeply about this content. Media galleries must load fast and support swipe on mobile. Accessibility: ensure color contrast works for fans with vision impairments, especially given many teams use challenging color combinations. Avoid: match-day pages that crash under traffic, and merchandise experiences that redirect to third-party sites without context.","High-energy team branding; bold team-color palette, next-game-forward hero, real-time score updates, action photography, and one-tap ticket and schedule access"
"Educational App","educational app, learning app, school app, student app, classroom, study, quiz, lesson, tutoring, k-12","Playful but structured with clarity as the primary goal. Visual design should support learning without distracting from it. Use bright but not garish accent colors to guide learners through content. Typography should be highly readable at all sizes — favor generous line height and clear weight contrast between headings and body. Icons and illustrations should be functional, not decorative. Maintain consistent spacing and alignment to reduce cognitive load. Density should be low-to-medium — give content room to breathe. Avoid: overly complex interfaces, decorative elements that add no instructional value, and visual density that overwhelms younger or less experienced learners.","Hero should demonstrate the learning experience with a screenshot or animation of actual content, not stock photography of students. Lead with one measurable outcome. Below the fold: subject areas or grade levels with clear organization, a feature overview focused on learning outcomes (not technical features), and social proof showing completion rates, test score improvements, or parent testimonials. Pricing must be transparent — show free vs. paid tiers clearly. Download badges for mobile apps. Teacher or institutional pricing if applicable. Avoid: jargon-heavy feature lists, abstract hero images, and landing pages that speak to investors rather than parents or students.","The primary view should be the learner's current lesson or next action, not a metrics dashboard. Progress indicators (progress bars, streaks, completion percentages) should be visible but not dominant. Navigation should surface course catalog, current progress, and achievements. Use card-based layouts for lesson modules with clear completion states. Gamification elements (badges, streaks, points, leaderboards) should motivate without overwhelming — keep them secondary to content. Empty states should guide learners to start their first lesson. For teachers or parents: class progress overview, individual student tracking, and assignment management. Avoid: dashboards that shame slow learners, and social features that distract from learning.","Use a vibrant primary color to create energy and engagement without causing fatigue. Reserve warm accent colors for achievements, progress indicators, and gamification. Semantic colors: green for completed, amber for in-progress, grey for locked content. Backgrounds should be light and clean to maximize content readability. Age-appropriate color intensity — younger audiences can handle more vibrant palettes, while older students benefit from more restrained treatment. Avoid: dark mode as default for learning contexts (bright, focused environments aid concentration), monochromatic palettes that provide no navigational color cues, and color combinations that fail WCAG AA for younger users with developing vision.","Engagement and retention are the primary UX constraints. Gamification increases engagement by up to 100% when well-implemented — use points, streaks, and badges to reinforce daily practice. Bite-sized lessons (5-15 minutes) reduce cognitive fatigue and dropout. Personalized learning paths improve outcomes by up to 40%. Every interaction should reinforce progress and reduce friction to the next lesson. Onboarding should place learners into content within 60 seconds. Offline access is critical for mobile learners. Accessibility is non-negotiable: support screen readers, keyboard navigation, adjustable text sizes, and high-contrast modes. Performance must be fast — slow load times kill learning momentum. Notifications should encourage without nagging. Avoid: lengthy setup flows before first lesson, and gamification that rewards time-spent over actual learning progress.","Bright, structured learning UI; vibrant accents for gamification, clean content areas, clear progression indicators, generous whitespace, and age-appropriate density"
"Creative Agency","creative agency, design agency, branding agency, advertising agency, creative studio, digital creative, art direction, brand studio, creative firm, design studio","Bold and deliberately unconventional. The site itself is a portfolio piece — every design decision should demonstrate creative capability. Use large typography, asymmetric layouts, and confident whitespace. Allow brand personality to dominate over convention. Animation and motion should feel intentional and crafted, not template-driven. Color usage should be dramatic and purposeful. Avoid: generic SaaS patterns, safe corporate design, templated layouts, stock photography, and any visual restraint that contradicts the creative positioning. The interface should surprise without confusing.","Open with a full-impact creative statement — bold visual, unexpected layout, or motion that demonstrates craft. The hero is not about features; it is about creative identity and capability. Immediately showcase 2-3 flagship projects below the fold with large imagery and minimal text. Services listed concisely — no paragraph descriptions. Client logos carry weight but should be styled, not dumped in a grid. Awards and recognition section. Team or culture that shows personality. CTA should invite conversation, not push a demo. Avoid: stock photography, feature/benefit grids, lengthy service descriptions, and anything that looks like it came from a website builder.","Most creative agencies do not need a client-facing dashboard. If a project portal exists, organize around active projects with deliverable timelines, approval workflows, and asset libraries. Use thumbnail previews for visual deliverables. Status tracking should be simple: in progress, review, approved. File sharing with drag-and-drop and version history. For internal use: project profitability tracking, resource allocation, and utilization metrics. Avoid: complex navigation hierarchies, metric-heavy displays that ignore the visual nature of creative work, and generic project management patterns.","Brand-expressive palette — creative agencies have maximum freedom with color. Bold, distinctive choices that differentiate from competitors. A monochromatic scheme with one unexpected accent often works better than complexity. Dark backgrounds create drama and make portfolio work pop. The palette should feel ownable — if a competitor could use it without noticing, it is not distinctive enough. Ensure body text remains readable regardless of how expressive the palette is. Avoid: safe corporate blues and greens (unless subverted intentionally), and palettes that compete with portfolio imagery rather than framing it.","The portfolio is the product — every UX decision should serve the work. Feature only strongest projects to leave a lasting impression. Page load and image rendering must be fast despite heavy visual content; use lazy loading and progressive image rendering. Unique navigation patterns, when flawlessly executed, demonstrate design confidence. Case studies should follow a consistent structure (brief, process, result) so visitors scan efficiently while appreciating the craft. Mobile must not be an afterthought — portfolio sites get significant mobile traffic from social referrals. Contact should be frictionless: no long forms, no required fields beyond email and message. Avoid: portfolios that show creative work without business outcomes, and sites that prioritize about/culture pages over case study depth.","Bold, craft-forward expression; dramatic typography, asymmetric layouts, motion-rich transitions, portfolio-first hierarchy, and brand-ownable color system"
"Museum / Gallery","museum, gallery, exhibition, art, collection, cultural institution, curator, exhibit, fine art, archive","Refined, spacious, and art-respectful. The design must serve the artwork and artifacts — the interface should be a frame, not a feature. Typography should be elegant and minimal: a clean serif or refined sans-serif that does not compete with visual content. Layouts should be generous with whitespace, allowing imagery to breathe. Photography of exhibitions and collection pieces should be high-resolution and professionally lit. Navigation should be intuitive for culturally diverse, multigenerational visitors. Avoid: busy layouts, heavy branding that competes with art, dark interfaces for browsing (unless showcasing photography or film), and design trends that would date quickly against timeless collections.","Hero should feature a current or signature exhibition with striking imagery and dates. Plan Your Visit CTA (hours, admission, directions) and Buy Tickets above the fold — these are the two most common visitor tasks. Below the fold: current and upcoming exhibitions with dates and brief descriptions. Collection highlights or featured works. Events calendar (lectures, workshops, openings). Membership promotion with clear benefits. Education programs section. Virtual tour or online collection teaser. Visitor information: accessibility, dining, parking, group visits. Avoid: homepages that prioritize institutional messaging over visitor-relevant information, and hiding practical visit details below exhibition content.","If an online collection exists: searchable database with high-resolution imagery, artwork metadata (artist, date, medium, dimensions, provenance), and curatorial context. Virtual exhibition spaces with guided and self-directed paths. For visitors: ticket purchase and membership management, event registration, and saved favorites from the collection. For staff: exhibition planning tools, loan management, and conservation records. Mobile app features: audio tour with location awareness, interactive maps, and augmented reality for supplemental content. Avoid: collection databases that feel like spreadsheets, and virtual tours that load too slowly to maintain engagement.","Neutral, art-deferential palette. White or warm off-white as the primary background — gallery walls are white for a reason. Near-black text for maximum readability. Minimal accent color for navigation and CTAs — one refined tone (deep charcoal, warm grey, or a single institutional color). Exhibition-specific color can be used for promotional materials but should not dominate the permanent site. Avoid: colorful UI that competes with artwork, trendy palettes that date against permanent collections, dark themes for general browsing (reserve for photography or film exhibitions), and any color that imposes a mood the art should set.","WCAG 2.0 AA accessibility is mandatory for cultural institutions — diverse audiences include elderly visitors, those with disabilities, and international tourists. Visitor-critical information (hours, admission, directions) must be findable within 2 seconds. Ticketing should be fast: date selection, ticket type, quantity, payment — under 3 minutes. Collection search must be powerful: support artist, period, medium, and keyword queries. High-resolution imagery is essential for online collections but must load progressively. Mobile experience must support on-site use: audio tours, maps, and exhibition guides. Multi-language support for institutions with international audiences. Virtual tours expand reach but must be genuinely immersive, not just slideshows. Avoid: gating collection imagery behind registration, and mobile experiences that do not account for in-gallery use with poor connectivity.","Gallery-white refinement; minimal chrome, art-deferential whitespace, elegant typography, high-res collection imagery, and visitor-first information architecture"
"Theater / Cinema","theater, cinema, movie theater, performing arts, playhouse, film, screening, stage, box office, showtime","Dramatic, atmospheric, and conversion-focused. The design should evoke the anticipation of live performance or the immersion of cinema. Typography should be bold for titles and productions, clean for practical information (showtimes, prices, seats). Dark backgrounds create theatrical atmosphere and make poster art and production imagery pop. Layouts should support both browsing (what is showing) and booking (buy tickets now). The experience should build excitement while keeping the transaction path clear and fast. Avoid: bright, flat designs that kill the theatrical atmosphere, cluttered event listings, slow-loading pages on show nights, and booking flows that feel bureaucratic.","Hero should feature the current marquee production or film with dramatic full-bleed imagery, dates, and a Book Tickets CTA. Below the fold: now showing and coming soon with poster art, titles, dates, and ratings or genre. Showtime grid for today and the upcoming week with quick-book functionality. For performing arts: season overview with subscription or package options. Venue information with seating chart preview. For cinema: trailers embedded or linked. Membership or loyalty program promotion. Avoid: static event lists without imagery, hiding showtimes behind clicks, and hero sections that promote past events.","Booking flow is the core product. Showtime selection should display seat availability indicators next to each time slot to prevent dead-end selections. Interactive seat map with clear coding: available, selected, sold, restricted view, accessible. Price should be visible from the moment seats are selected — no surprises at checkout. Single-page or progressive checkout: seats, add-ons (concessions, parking), payment, confirmation. For performing arts: season subscription management, exchange and cancellation. For members: purchase history, loyalty points, and early access to bookings. Avoid: seat maps that are hard to read on mobile, checkout flows with hidden fees, and booking systems that time out too quickly during selection.","Dark, theatrical palette. Near-black or deep charcoal as primary background — this is a performance environment. Brand accent color for CTAs and interactive elements (deep red, gold, or electric blue are common). Poster art and production imagery should dominate the color experience. White or light text against dark backgrounds with clear hierarchy. Gold accents add prestige for performing arts venues. Showtimes and pricing should use high-contrast treatment for scanning. Avoid: light themes that flatten the theatrical atmosphere, bright UI colors that compete with production imagery, and color coding systems for genres that create visual noise.","Booking completion rate is the primary metric. Show available-seat count next to each showtime to prevent users from selecting a time only to find no good seats remain. Seat selection must work well on mobile — pinch-to-zoom on seat maps, large touch targets, and clear visual feedback. Checkout should be completable in under 2 minutes with upfront total pricing and no surprise fees. Trailer and preview content drives interest for cinema; production photos and reviews for theater. Performance nights drive traffic spikes — the site must handle load without degradation. Push notifications for new releases, early booking windows, and showtime reminders. Accessibility: wheelchair-accessible seat indicators on the map, screen reader support for the booking flow, and audio-described performance information. Avoid: booking flows that lose state on back-button, and mobile seat maps that are unusable without zooming.","Dark theatrical atmosphere; dramatic imagery, bold production titles, seat-map-driven booking, gold prestige accents, and conversion-optimized showtime grids"
"Language Learning App","language learning, language app, vocabulary, grammar, fluency, multilingual, translation, speaking practice, language tutor, polyglot","Playful, motivational, and progress-obsessed. The interface should make learning feel like a game while delivering genuine linguistic competence. Typography should be large and clear, especially for displaying new vocabulary and characters across multiple scripts. Layouts should be consistent and predictable for lessons so learners build spatial memory. Visual feedback (animations, color changes, sound) should reinforce correct answers and gently handle mistakes. Density should be low — one concept per screen for focused learning. Avoid: overwhelming interfaces, cluttered lesson screens, intimidating grammar displays, and designs that make language learning feel like homework.","Hero should show the learning experience in action — a lesson screenshot, character animation, or progress visualization. Lead with a specific promise (e.g., conversational fluency in X weeks). Language selection as an immediate, engaging entry point. Below the fold: available languages with proficiency levels, the methodology explained simply, social proof (user count, success stories, app store ratings), and pricing with free tier prominent. Comparison to traditional learning methods. App store badges for mobile download. Avoid: vague promises, stock photos of globes or flags, and landing pages that explain the methodology before showing the product.","Lesson view is the primary screen: one exercise at a time, clear instructions, interactive input (tap, type, speak, listen), and immediate feedback. Progress dashboard: current streak, daily goal completion, level progress per skill tree, and overall proficiency estimate. Skill tree or learning path showing completed, current, and locked units. Review section for spaced repetition of previously learned material. Leaderboards and social features for competitive motivation. Achievement badges and milestone celebrations. Settings for daily goal, notification preferences, and learning style. Avoid: overwhelming learners with too many options on the lesson screen, streak mechanics that punish rather than encourage, and social features that shame slower learners.","Vibrant, energetic palette that makes learning feel fun. A strong brand primary color for interactive elements and progress indicators. Green for correct answers, warm amber or red for mistakes — these are deeply learned associations. Skill categories can use distinct colors for visual variety across the learning path. Backgrounds should be clean and light during lessons to maximize focus on content. Celebration screens (level completion, streak milestones) can use richer, more expressive color. Avoid: muted or corporate palettes that make learning feel dull, dark themes during active learning sessions, and color systems that are inaccessible for color-blind users (pair color with icons or text labels).","Spaced repetition combined with gamified recall improves vocabulary retention by 34% — implement SRS for all vocabulary review. Micro-guidance prevents quitting: contextual messages like 'You are 1 step from A2!' maintain motivation. Daily streak mechanics drive habit formation but must handle missed days gracefully (freeze options, recovery). Lesson length should be 3-10 minutes for mobile sessions. Speaking exercises require reliable speech recognition. Offline mode is critical for commuter learners. Onboarding should place users into their first lesson within 90 seconds — start with familiar phrases for immediate success. Multi-script rendering must be flawless for languages with non-Latin alphabets. Push notifications should be encouraging and timeable. Accessibility: support for screen readers across all exercise types, including speaking and listening. Avoid: placement tests that feel like exams, and review sessions that feel punitive rather than reinforcing.","Vibrant, game-inspired learning UI; energetic brand color, streak-driven motivation, clean lesson screens, celebration animations, and progress-obsessed navigation"
"Coding Bootcamp","coding bootcamp, programming bootcamp, developer training, software engineering course, web development bootcamp, tech bootcamp, code school, full stack course, career change tech, learn to code","Technical yet accessible, bridging the gap between aspiration and capability. Typography should feel modern-technical: a clean mono-inspired or geometric sans-serif for headlines, highly readable body font for long-form curriculum descriptions. Dark mode aesthetic (code editor feel) for the brand personality, but light backgrounds for content-heavy pages like curriculum and outcomes. Code snippets and terminal-style elements should feel native, not decorative. Layouts should be structured and scannable. Avoid: overly playful design that undermines technical credibility, corporate stiffness, and heavy use of stock photography of people at laptops.","Hero should lead with the career transformation promise: job title, salary range, and timeframe. Below the fold: curriculum overview showing the technology stack and learning progression. Career outcomes section is the most important content — job placement rate, average salary increase, employer partners, and graduate testimonials with before/after career data. Financing options prominently displayed (ISA, deferred tuition, installment plans). Sample project or lesson preview. Admissions process explained simply. Instructor profiles with industry credentials. Avoid: hiding outcome data, vague promises without metrics, and curriculum descriptions that list technologies without explaining what students will build.","Student dashboard: current module with progress, upcoming assignments and deadlines, code submission with feedback status, and mentor session scheduling. Curriculum roadmap showing completed, current, and upcoming modules. Project portfolio builder for job-ready showcases. Career services: resume review, interview prep, and job board. Community features: cohort messaging, peer code review, and alumni network. For staff: student progress tracking, attendance, assignment grading, and outcome tracking. Avoid: learning platforms that feel like corporate LMS systems, and dashboards that prioritize attendance over learning progress.","Technical, modern palette. Dark charcoal or near-black for hero sections and code-related areas — evokes the terminal and code editor environment. Clean white for curriculum, outcomes, and pricing sections where readability is paramount. A vibrant accent (electric blue, green, or orange) for CTAs and interactive elements — these should stand out against both dark and light backgrounds. Syntax highlighting colors for code snippets should follow established conventions (keywords, strings, comments). Avoid: all-dark designs that make long-form content hard to read, pastels that undermine technical credibility, and palettes that do not support the dual dark/light needs of the site.","Transparent career outcomes are the #1 conversion driver — publish job placement rates, salary data, and employer partners prominently and honestly. Job guarantees (refund if not hired) dramatically reduce enrollment risk; if offered, make it unmissable. Curriculum must show what students build, not just what they learn — project-based outcomes are more compelling than topic lists. Financing options reduce the biggest enrollment barrier; present them clearly without fine print. Application flow should be short: background, goals, and contact — save detailed intake for after acceptance. Mobile must work for browsing and research, though the learning platform itself may be desktop-primary. Alumni success stories with specific career trajectories (before: barista, after: software engineer at X) are the highest-converting content. Avoid: outcome data that is outdated or unverifiable, and enrollment flows that feel high-pressure.","Terminal-meets-classroom aesthetic; dark hero sections, clean curriculum layouts, vibrant tech accents, outcome-data-forward design, and code-native visual language"
"Cybersecurity Platform","cybersecurity, security platform, threat detection, soc, siem, endpoint protection, vulnerability, incident response, infosec, security operations","Data-dense, alert-driven, and operationally serious. The visual language must communicate control and competence under pressure. Typography should be technical and precise: monospace for data and identifiers, clean sans-serif for labels and navigation. Layouts must support high information density without creating visual chaos — grid-based with clear grouping and consistent spacing. Dark mode is the default for SOC environments where analysts work extended shifts. Status and severity indicators must be instantly parseable. Avoid: decorative design, playful elements, bright themes as default, and any visual treatment that slows threat comprehension or trivializes security posture.","Hero should communicate the core security capability — what threats are detected, what is protected, and the platform's differentiator (AI-driven, real-time, unified). Below the fold: capability matrix organized by security domain (endpoint, network, cloud, identity). Integration ecosystem showing supported platforms and tools. Trust signals unique to cybersecurity: SOC 2 certification, compliance frameworks supported, independent test results, and threat research publications. Customer logos (enterprise logos carry particular weight in security). Threat intelligence or research section demonstrating domain expertise. Avoid: fear-based marketing, vague AI claims without specifics, and hiding pricing behind sales calls when self-service tiers exist.","SOC analyst dashboard: real-time alert feed with severity-based ordering, threat timeline showing attack progression, and incident detail with enriched context (IP geolocation, threat intel, related alerts). Alert clustering to reduce fatigue — group related incidents and prioritize by risk confidence. Investigation workspace with log search, query builder, and visualization tools. CISO dashboard: risk posture summary, compliance status, trend lines, and executive-ready reports. Role-based views are critical — a CISO and SOC analyst need fundamentally different data at different densities. Playbook or automated response tracking. Avoid: flat alert lists without prioritization, dashboards that show everything at once without role filtering, and visualizations that look impressive but do not aid decision-making.","Dark palette as default — SOC environments use dark mode to reduce eye strain during 8-12 hour monitoring shifts. Deep charcoal or navy (not pure black) as primary background. Severity color coding: critical in red, high in orange, medium in yellow, low in blue or grey — these must be instantly recognizable and consistent throughout the platform. Green for resolved or healthy states. Accent color (cyber green, electric blue) for interactive elements and brand identity. Data visualizations should use high-contrast colors against dark backgrounds. Avoid: light themes as default, decorative color usage, severity colors that deviate from industry convention, and color coding that relies on hue alone without shape or text labels for accessibility.","Alert fatigue is the existential UX challenge — analysts receive thousands of alerts daily and most are noise. Prioritize alerts by risk score and confidence level. Cluster related alerts into incidents automatically. Provide clear context with every alert: why it matters, what triggered it, and recommended action. Investigation tools must be fast: log queries returning in seconds, not minutes. Dark mode is not optional — it is the working environment. Role-based dashboards prevent information overload by showing each user only what they need. Keyboard shortcuts are essential for power users who live in the platform. API documentation and integration guides must be clean and interactive. Performance under load is critical — security dashboards must never lag during an active incident. Avoid: alert UIs that treat all severities equally, and dashboards that require constant manual refresh.","Dark operational command center; severity-coded alerts, data-dense grid layouts, real-time threat feeds, monospace data typography, and role-based information hierarchy"
"Developer Tool / IDE","developer tool, ide, development environment, code editor, sdk, api tool, debugging, devtools, programming tool, developer platform","Minimal, fast, and keyboard-first. The interface should feel like an extension of the development environment — technical users have zero tolerance for unnecessary friction. Typography must be precise: monospace for code, clean sans-serif for UI chrome. Layouts should maximize content area and minimize chrome. Dark theme as default mirrors the code editor environment developers inhabit. Information density should be high — developers prefer density over progressive disclosure. Performance must be instantaneous. Avoid: heavy visual design, rounded/soft aesthetics, slow animations, onboarding wizards, and any pattern that makes a developer feel like the tool is designed for non-technical users.","Hero should show the tool in action — a terminal screenshot, code snippet, or GIF of the workflow. Lead with what the tool does in one technical sentence, not marketing speak. Below the fold: installation command (one-liner), quickstart code example, and documentation link — developers evaluate tools by trying them, not reading about them. Feature comparison with alternatives for evaluators. GitHub stars, npm downloads, or adoption metrics as social proof. Integration list showing compatible tools and platforms. Pricing should be transparent and developer-friendly (generous free tier, usage-based scaling). Avoid: marketing fluff, lengthy feature descriptions, and landing pages that require scrolling past a hero section before showing any code.","Documentation is the dashboard. Structure: getting started guide, API reference, tutorials, examples, and changelog. Code examples should be copy-pasteable with language selection. Search must be fast and span all documentation. Interactive API explorer or playground for testing. CLI reference with command documentation. Dashboard (if applicable): usage metrics, API keys, logs, and billing. Settings should be minimal and respect defaults. Avoid: documentation that requires login to browse, outdated examples, interactive playgrounds that are slow or broken, and dashboards that prioritize upsell over utility.","Dark as default — developers work in dark environments. Deep charcoal or editor-dark background. Syntax highlighting colors should follow familiar conventions (VS Code-like defaults are the safest bet). Brand accent for interactive elements (links, buttons, active states) — one color, used consistently. Code blocks with proper contrast against the dark background. Light theme as an option, never the default. Terminal green, blue, or orange accents can work as brand colors in this space. Avoid: light themes as default, colorful UI that feels consumer-grade, decorative color, and syntax highlighting that deviates from established coding conventions without good reason.","Documentation quality is the #1 adoption driver — if developers cannot get started in under 5 minutes, they will choose an alternative. Time-to-first-success is the core UX metric: from landing page to working implementation should be as short as possible. Installation must be a single command. Quickstart should produce a visible result within 10 lines of code. Error messages must be specific, actionable, and searchable. API design should be intuitive and predictable with consistent patterns. Keyboard shortcuts are expected, not optional. Performance is non-negotiable — every interaction should feel instant. Changelog and migration guides must be maintained and honest about breaking changes. Community support (GitHub issues, Discord) should be responsive and visible. Avoid: marketing-heavy onboarding that delays getting to the tool, and documentation written for non-technical audiences.","Dark, keyboard-first precision; monospace code typography, minimal chrome, documentation-led architecture, terminal-native aesthetic, and instant-response interactions"
"Biotech / Life Sciences","biotech, life sciences, pharmaceutical, genomics, bioinformatics, clinical research, drug discovery, molecular biology, biopharma, diagnostics","Scientific, clean, and credibility-first. The visual language must communicate rigorous methodology and institutional trust. Typography should be precise and readable: a clean sans-serif that works for both scientific data and marketing content. Layouts should be structured and spacious with clear information hierarchy. Data visualizations should be scientifically accurate and accessible. Photography should show real laboratories, researchers, and equipment — not stylized stock science imagery. The overall tone should balance cutting-edge innovation with methodical reliability. Avoid: consumer-tech aesthetics, playful design, overly abstract science imagery, and visual treatments that prioritize style over scientific credibility.","Hero should communicate the core science or therapeutic focus with a clear, jargon-appropriate value proposition — this audience expects technical specificity. Below the fold: pipeline or product portfolio showing development stages. Science or technology platform section explaining the approach with appropriate depth. Evidence hub: publications, clinical data, white papers, and presentations. Team section with scientific credentials, institutional affiliations, and publication records — team bios are an underused credibility lever. For multi-audience sites (researchers, investors, patients): clear navigation paths for each persona. News and press section. Partnering or collaboration opportunities. Avoid: oversimplified science that insults the expert audience, and burying the pipeline or evidence behind navigation.","For researchers: data portal with experiment results, assay data, and analysis tools. Visualization dashboards for genomic, proteomic, or clinical data with export capabilities. For investors: pipeline tracker with stage gates, milestone timelines, and regulatory status. For internal teams: project management with experiment tracking, lab notebook integration, and compliance documentation. Data visualizations must be scientifically accurate: proper axis labels, error bars, statistical annotations, and publication-ready formatting. Avoid: generic dashboard patterns that do not account for scientific data standards, and visualizations that sacrifice accuracy for aesthetics.","Clean, scientific palette. White as primary background — evokes laboratory cleanliness and neutrality. Deep blue or teal as primary accent — associated with scientific trust and medical credibility. Molecular or cellular-inspired secondary accents (DNA blue, cellular green) can reinforce the biotech identity without being literal. Data visualizations should use colorblind-friendly palettes (avoid red-green encoding). Charts and graphs need high contrast against white backgrounds. Avoid: dark themes as default (scientific data is traditionally presented on light backgrounds), consumer-bright palettes that undermine scientific gravitas, and decorative color that competes with data visualization.","Multi-audience navigation is the primary UX challenge — researchers, investors, healthcare professionals, and patients all visit the same site with fundamentally different needs. Provide clear persona-aware pathways or navigation that serves each segment. Evidence hubs should centralize publications, data, and scientific news for credibility-seekers. Pipeline visualization must be clear and current — investors check this frequently. Data accuracy is non-negotiable; scientific credibility cannot survive a chart error. Page speed matters for data-heavy pages. Mobile should work for conference browsing and investor research. Accessibility (WCAG AA) ensures compliance with institutional standards. Team profiles with publication records and institutional affiliations build trust more effectively than testimonials. Avoid: marketing language that overpromises scientific results, and sites that bury the science behind corporate messaging.","Scientific precision on clean white; trust-blue accents, pipeline visualization, evidence-hub architecture, data-accurate charts, and multi-audience navigation paths"
"Space Tech / Aerospace","space tech, aerospace, satellite, rocket, launch, orbital, spacecraft, space exploration, aviation technology, defense tech","High-precision, immersive, and mission-focused. The visual language should communicate technological sophistication and operational reliability. Typography should be technical and precise: geometric sans-serifs or the clean, engineered feel of mission control interfaces. Dark backgrounds create an atmospheric, space-appropriate aesthetic and support data-dense operational displays. Photography should be dramatic: launch imagery, satellite views, mission hardware. Data visualizations should feel like telemetry — real-time, precise, and functionally beautiful. Avoid: consumer-tech casualness, playful design, low-resolution imagery, and any visual treatment that undermines the perception of engineering precision and mission-critical reliability.","Hero should be visually spectacular — a full-bleed launch image, satellite rendering, or mission visualization that creates immediate awe. Lead with the mission or capability: what the technology does and why it matters. Below the fold: mission portfolio or product showcase with technical specifications. Technology platform section explaining the engineering approach. Team credentials with aerospace and institutional backgrounds. Partnerships and contracts (NASA, ESA, DoD) as trust signals unique to this industry. Career section for talent acquisition. News and mission updates. For dual-use companies (commercial and defense): clear but appropriately separated messaging. Avoid: understating the technical capability, generic tech-company messaging, and hero sections without dramatic imagery.","Mission control dashboard (if applicable): real-time telemetry with streaming data displays, orbital tracking with 3D visualization, subsystem health monitoring with status-at-a-glance, and alert management with severity prioritization. NASA's Open MCT sets the standard: streaming and historical data, imagery, timelines, and procedures in one framework. Visual minimalism allows operators to focus on tasks — comprehensible icons indicate data type and whether action is needed. For commercial: satellite status dashboards, launch scheduling, and payload tracking. For corporate: mission timeline, milestone tracking, and program management. Avoid: decorative visualizations that sacrifice data accuracy, and dashboards that prioritize looking impressive over supporting operational decisions.","Dark, space-appropriate palette. Deep space black or dark navy as primary — creates atmosphere and supports data visualization. Electric blue, mission-control green, or metallic silver as accent colors for interactive elements and data highlights. Telemetry data should use high-contrast colors against dark backgrounds. Alert severity should follow standard color coding (red/amber/green). Star-white for text and key data points. Metallic accents (silver, titanium) add an engineered, hardware-inspired quality. Avoid: light themes for operational dashboards (glare in control environments), overly colorful UI that undermines technical precision, and pure black backgrounds (too harsh for extended use — use #0a0e17 or similar deep dark).","Operational precision is the foundational UX requirement — in mission-critical contexts, UI errors have real consequences. Real-time data displays must update reliably without lag or data loss. Visual minimalism ensures operators can focus on anomalies rather than parsing normal states. Icon language should be consistent and immediately comprehensible: data type, status, and urgency must be parseable in under 1 second. For public-facing sites: dramatic imagery and mission storytelling drive engagement and talent acquisition. Performance is critical for real-time operational dashboards. Accessibility must account for extended-shift operators: dark mode default, adjustable text sizing, and high-contrast modes. Mobile should support monitoring for on-call personnel. Documentation and training materials for operational tools must be thorough and version-controlled. Avoid: dashboards that show everything at once without hierarchy, and marketing sites that undersell the engineering sophistication.","Mission-control precision; deep space dark palette, real-time telemetry displays, dramatic launch imagery, metallic accents, and operational-minimalist data hierarchy"
"Architecture / Interior Design","architecture, interior design, architect, interior designer, space planning, residential design, commercial architecture, renovation, building design, spatial design","Image-dominant and spatially refined. The design should mirror the discipline it represents: precise, intentional, and beautifully composed. Typography should be minimal and sophisticated — a clean geometric sans-serif or refined serif that complements rather than competes with project imagery. Layouts should give projects maximum breathing room with generous whitespace and full-bleed photography. Grid systems should be precise but not rigid — allow for occasional asymmetry to create visual interest. Photography must be professional-grade; portfolios with high-quality visuals receive 68% more engagement. Avoid: cluttered galleries, small thumbnails, decorative UI elements, busy backgrounds, and any chrome that distracts from the architectural or interior work.","Hero should feature a signature project with full-bleed photography that immediately communicates the design philosophy and quality of work. Minimal text overlay — let the imagery speak. Below the fold: project portfolio organized by type (residential, commercial, hospitality, renovation) with large thumbnails and project names. Each project card should hint at the story behind the design. About section with design philosophy, principal bio, and team. Services overview kept concise. Press and awards section. Contact or consultation CTA that feels like the beginning of a creative relationship. Avoid: text-heavy hero sections, generic architecture stock photos, small project grids that reduce impact, and portfolios that show quantity over quality.","Most architecture and interior design firms do not need a client-facing dashboard. If a project portal exists: visual project timeline with phase tracking (concept, design development, construction documents, construction administration), document sharing for drawings, specs, and material selections, mood boards and finish palettes for client review, budget tracking with change order management, and photo documentation of construction progress. For internal use: project scheduling, resource allocation, and specification libraries. Avoid: complex project management interfaces — clients want visual updates and document access, not Gantt charts.","Restrained, material-inspired palette. Monochrome as the foundation: whites, warm greys, charcoal, and black create a gallery-like backdrop for project photography. A single refined accent (warm gold, muted brass, or architectural blue) for CTAs and subtle emphasis. Photography carries all the color — the UI palette must never compete. Backgrounds should be clean white or very light warm grey to present images accurately. Avoid: colorful UI that imposes a mood the architecture should set, dark themes for portfolio browsing (accurate color rendering of materials and finishes requires neutral backgrounds), and trendy color treatments that date against timeless work.","The portfolio is the entire conversion proposition — every UX decision must serve project presentation. Navigation should be invisible: direct path to the work with no unnecessary corridors. Image loading must be fast despite high resolution — use progressive rendering and modern formats (WebP/AVIF). Project pages should combine photography with short case studies explaining the story, constraints, and solutions, with credits for collaborators. Filter by project type, location, or scale helps visitors self-qualify. Mobile must showcase imagery effectively — many referrals come via social media on phones. Contact forms should be short: name, project type, location, and message. Local SEO matters for firms serving geographic markets. Avoid: JavaScript-heavy galleries that break on mobile, PDF portfolios instead of web galleries, and project pages without narrative context for the imagery.","Spatial precision, gallery-white canvas; monochrome palette, full-bleed project photography, minimal chrome, material-inspired accents, and invisible navigation"
"Quantum Computing Interface","quantum computing, qubit, quantum circuit, quantum processor, quantum algorithm, quantum simulation, superposition, entanglement, quantum gate, quantum cloud","Abstract, precise, and layered in complexity. The visual language must make the invisible tangible — quantum states, probability distributions, and circuit operations need intuitive visual representation. Typography should be technical and clean: monospace for quantum expressions and gate labels, sans-serif for UI navigation. Layouts must support both circuit-building (horizontal flow, left-to-right gate sequencing) and result visualization (probability bars, phase diagrams, state vectors). Dark themes suit the scientific-computational context. The interface should feel like a precision instrument. Avoid: consumer-friendly oversimplification, decorative quantum imagery (orbiting electrons, etc.), playful design, and visualizations that sacrifice mathematical accuracy for aesthetics.","Hero should demonstrate the platform's capability — a quantum circuit visualization, a running computation, or a result visualization that communicates sophisticated tooling. Lead with what users can do: build circuits, run on real quantum hardware, simulate algorithms. Below the fold: supported qubit counts and processor specifications, programming interface options (visual circuit builder, Qiskit/Cirq integration, API access), documentation and learning resources, and pricing tiers (simulator vs. real hardware access). Research publications and institutional partnerships as credibility signals. Community or ecosystem features. Avoid: marketing that oversells quantum advantage, landing pages that explain quantum computing instead of showing the tool, and hero sections without interactive or visual demonstrations.","Circuit composer as the primary workspace: drag-and-drop gate placement on qubit wires with real-time state preview. Visualization panel: probability bar charts for measurement outcomes, q-sphere or Bloch sphere for state visualization, and phase diagrams. Job queue showing submitted circuits with status (queued, running, completed, failed) and hardware/simulator target. Results explorer with statistical analysis, export options, and comparison across runs. Documentation integrated contextually — hover explanations for gates and operations. For advanced users: code editor with syntax highlighting for quantum programming languages. Avoid: interfaces that require quantum physics knowledge to use basic features — layered complexity with contextual help bridges the expertise gap.","Dark, computation-focused palette. Deep space dark or charcoal as primary background — matches the scientific computing environment. Quantum-signature accent colors: interference blue, quantum cyan, or phase-gradient purples for interactive elements and state visualizations. Probability visualizations should use high-contrast colors against dark backgrounds. Gate types can be color-coded but must remain distinguishable for colorblind users. Circuit wires in neutral grey. Result highlighting in vibrant accent for attention. Avoid: light themes as default (scientific computation UIs are dark by convention), decorative color usage, and visualization colors that obscure mathematical relationships between states.","The core UX challenge is bridging esoteric quantum concepts for domain experts (chemists, cryptographers, optimization researchers) who are not quantum physicists. Layered complexity is essential: simple visual circuit building for beginners, code-level access for experts, contextual tooltips explaining every gate and operation. Visualization must scale — current approaches work for small qubit counts but face exponential complexity growth. Probability and phase visualizations should use multiple encodings (position, color, size) for redundancy. Job management must clearly communicate queue position, estimated runtime, and hardware availability. Error rates and noise characteristics should be transparent for hardware runs. Documentation must serve multiple expertise levels simultaneously. Performance matters for simulation — users expect interactive feedback during circuit editing. Avoid: interfaces that assume quantum physics expertise, and visualizations that look impressive but do not aid understanding.","Dark precision instrument; quantum-cyan accents, circuit-composer workspace, probability visualization panels, layered complexity, and scientifically accurate state rendering"
"Biohacking / Longevity App","biohacking, longevity, quantified self, health optimization, biomarkers, wearable data, biological age, health tracking, self-optimization, longevity science","Data-rich, personal, and scientifically grounded. The interface must present complex biological data in ways that are actionable, not just impressive. Typography should be clean and modern with clear hierarchy — data labels must be precise, while insights should be conversational. Layouts should support both dashboard overviews (daily metrics at a glance) and deep-dive analysis (trend lines, correlations, protocol tracking). Visualizations should feel scientific but accessible. The tone should be empowering, not clinical — users are optimizing, not being diagnosed. Avoid: medical-app coldness, overwhelming data displays without interpretation, consumer-fitness-app oversimplification, and pseudoscientific visual language.","Hero should communicate the core value: understand and optimize your biology through data. Show a visualization of the platform — biological age calculation, biomarker dashboard, or protocol tracking — not abstract health imagery. Below the fold: data source integrations (Oura, Whoop, Apple Watch, CGM, lab providers), key features (biomarker tracking, biological age, protocol experiments, correlation analysis), and the science section establishing credibility (research citations, advisory board, methodology). Social proof from the biohacking community. Pricing with free tier or trial period. Avoid: making health claims, fear-based aging messaging, and landing pages that look like consumer fitness apps rather than serious self-optimization tools.","Personal health dashboard as the primary view: daily score or biological age front and center, key biomarkers (HRV, sleep, glucose, activity) with trend arrows, and active protocol status. Protocol tracker: log supplements, routines, and interventions with timestamps. Correlation engine: visualize relationships between protocols and outcomes (e.g., magnesium supplementation vs. sleep quality trend). Biomarker history with long-term trend lines and normal ranges. Lab results integration with plain-language interpretation. Wearable data aggregation from multiple sources in unified views. Goal setting and progress tracking. Avoid: raw data dumps without context, medical-grade clinical interfaces that intimidate non-experts, and dashboards that show everything simultaneously without hierarchy.","Scientific yet personal palette. Deep dark mode as default — biohackers tend toward tech-forward, data-dense interfaces. Biological accent colors: cellular blue, DNA teal, vitality green for positive biomarker trends. Warm amber or coral for attention-needed states. Data visualizations should use high-contrast, colorblind-safe palettes. Graphs need clean gridlines against dark backgrounds. Avoid: consumer-fitness bright colors (neon green, hot pink), clinical medical whites as default, and palette choices that make the app feel like a generic wellness tracker rather than a serious optimization tool.","Multi-source data integration is the foundational UX challenge — users wear multiple devices and get labs from various providers. Unifying this data into coherent, comparable views is the core value proposition. Biological age or composite health score serves as the anchor metric that makes complex data approachable. Protocol tracking must correlate interventions with outcomes over time — this is what biohackers care about most. Visualize trends, not just snapshots — a single HRV number means little without context. Lab result interpretation should translate clinical ranges into actionable language. Privacy is paramount — users are sharing their most intimate health data. Data export should be comprehensive for users who want to run their own analyses. Notifications should be insight-driven (your sleep improved 12% since starting magnesium) not generic. Avoid: presenting data without actionable interpretation, and interfaces that require medical knowledge to understand biomarker significance.","Dark, data-forward biometrics; scientific precision, biological accent colors, protocol-outcome correlation views, wearable-integrated dashboards, and empowerment-over-diagnosis tone"
"Autonomous Drone Fleet Manager","drone fleet, autonomous drone, uav, unmanned aerial vehicle, fleet management, aerial operations, drone operations, remote pilot, airspace, drone logistics","Operational, map-centric, and safety-critical. The interface must provide real-time situational awareness across multiple autonomous vehicles simultaneously. Typography should be technical and compact: monospace or tabular figures for telemetry data, clean sans-serif for labels and navigation. Map-based layout is the primary view — all other data radiates from geographic context. Status indicators must be instantly parseable at a glance. Information density should be high but rigorously organized — operators managing multiple drones cannot afford visual clutter. Dark mode default for extended monitoring sessions. Avoid: consumer-drone aesthetics, playful design, decorative elements, slow-rendering maps, and any visual treatment that delays comprehension of vehicle status or safety alerts.","Hero should demonstrate operational capability — a fleet map visualization, mission planning interface, or real-time monitoring screenshot. Lead with the operational value: fleet visibility, autonomous mission execution, regulatory compliance, or safety record. Below the fold: platform capabilities (fleet monitoring, mission planning, geofencing, analytics), supported drone models and integrations, regulatory compliance features (airspace authorization, remote ID, flight logging), and enterprise deployment options. Trust signals: aviation authority certifications, enterprise client logos, and safety record. API documentation for integration. Avoid: consumer drone marketing, feature lists without operational context, and hero imagery that does not represent the actual interface.","Fleet map as the primary view: all active drones displayed on a real-time geospatial interface with position, heading, altitude, and mission status. Per-drone telemetry panel: battery voltage, temperature, estimated flight time, signal strength, GPS accuracy, and system health. Alert management with severity prioritization: geofence violations, low battery, signal loss, system errors, and airspace conflicts. Mission planning with waypoint definition, altitude profiles, and no-fly zone overlay. Geofencing configuration for restricted airspace and operational boundaries. Flight logging with automated regulatory compliance records. Analytics: flight hours, battery cycles, maintenance schedules, and operational efficiency. Avoid: flat drone lists without geographic context, telemetry displays that require scrolling during flight, and alert systems that treat all warnings equally.","Dark operational palette. Deep charcoal or tactical dark as primary — reduces eye strain for extended monitoring and matches the command-center context. Map overlays need high-contrast elements: drone icons in bright accent colors, geofence boundaries in warning amber, no-fly zones in red. Telemetry data in light text against dark panels. Status coding: green for nominal, amber for caution, red for alert/critical. Flight paths in distinct colors per drone for multi-vehicle tracking. Avoid: light themes for operational monitoring, decorative color, map styling that reduces geographic readability, and status colors that deviate from aviation safety conventions (red/amber/green).","Clean UI is non-negotiable — it slashes training time and minimizes human error in safety-critical operations. Real-time telemetry must update without lag or data loss. Geofencing is a safety-critical feature: virtual boundaries must prevent drones from entering restricted airspace, with hard warnings for proximity. Battery and signal health are the two most time-sensitive data points — display prominently for every active vehicle. Map rendering must be fast even with multiple simultaneous vehicles. Alert hierarchy must prevent fatigue: cluster related warnings, suppress resolved alerts, and escalate only genuinely critical events. Keyboard shortcuts for common operations (select drone, center map, acknowledge alert). Offline resilience for ground stations with intermittent connectivity. Flight logs must be automatically generated for regulatory compliance. Avoid: interfaces that require more than 1 second to determine any vehicle's status, and map-free dashboard layouts that strip geographic context from fleet operations.","Dark tactical command; map-centric fleet view, real-time telemetry panels, geofence overlays, severity-coded alerts, and aviation-standard safety coloring"
"Generative Art Platform","art, generative, ai, creative, platform, gallery, nft, mint, algorithmic, procedural, creative code, digital art, collection, token","Content-first and performance-obsessed. The interface must vanish behind the artwork — every pixel not serving the art is a distraction. Typography should be minimal and neutral, never competing with the visual work on display. Layouts prioritize responsive masonry or bento grids that adapt fluidly to varied aspect ratios and dimensions without cropping or distorting. Image loading must be instantaneous through aggressive lazy loading, progressive JPEGs, and CDN delivery. The platform's visual identity should be a neutral frame, not a branded experience — think gallery white walls, not exhibition design. Information density is deliberately low in gallery views to let the work breathe, then expands on-demand for creator attribution, minting details, and provenance data. Dark mode is the default for extended viewing sessions and to make vibrant generative work pop against deep backgrounds. Avoid: slow-loading grids that make users wait, decorative UI elements that distract from artwork, complex navigation that obscures discovery, and any visual treatment that prioritizes platform branding over creator work.","Hero section showcases the platform through live generative art, not static mockups — embed an interactive generative piece or a live minting visualization that demonstrates the creative-to-blockchain pipeline. Lead with the creator value proposition: how artists publish algorithmic work and collectors acquire unique outputs. Below the fold: featured collections presented in high-quality masonry layout with creator attribution always visible, minting mechanics explained through visual demonstration not text blocks, blockchain and smart contract transparency for provenance and royalties, and creator revenue model clearly stated with percentage breakdowns. Social proof from recognized generative artists and high-value sales, not generic testimonials. Technical documentation for artists uploading code should be accessible but not front-and-center. Footer includes blockchain network status, gas fee estimates, and platform fee structure. Avoid: hero images of generic digital art without demonstrating the generative process, minting flows buried in documentation, and landing pages that look like traditional art marketplaces rather than creative-code platforms.","Gallery view as the primary interface: fluid masonry layout with varying artwork dimensions preserved, lazy-loaded high-resolution images with blur-up placeholders, and creator attribution overlaid on hover without obscuring the work. Collection pages group algorithmic variations with the ability to view generation parameters and transaction hashes. Creator profiles emphasize their generative systems and creative code rather than biographical narrative. Minting interface must be streamlined: preview the unique output being generated, show real-time gas estimates and total cost before commitment, and display transaction confirmation with immediate wallet delivery. Discovery flows use visual filtering by aesthetic characteristics, not just categorical tags — users should browse by color palette, complexity, or algorithmic approach. Provenance tracking shows full ownership history, resale activity, and royalty distribution. Secondary market integration for resales with creator royalties enforced by smart contract. Avoid: grid layouts that force artwork into uniform aspect ratios, minting flows that require multiple page transitions, and gallery views where platform UI competes visually with the artwork.","Neutral canvas palette that defers to user-generated content. Deep charcoal or true black backgrounds as default to make artwork colors saturate and pop without interface interference. UI elements in subtle grays with minimal saturation — navigation, buttons, and metadata displays should be legible but visually recessive. Accent color for interactive elements should be a single high-contrast hue used sparingly for CTAs and minting actions. Generative artwork is the only source of vibrant color in the interface — the platform's palette must never compete. Status indicators for minting, transaction confirmation, and blockchain activity use semantic colors: green for confirmed, amber for pending, red for failed transactions. Avoid: colorful branding that fights with artwork, light-mode defaults that flatten generative color vibrancy, and rainbow UI palettes that create visual noise around the content.","Performance is the core UX constraint — slow image loading destroys the gallery browsing experience and creator credibility. Implement image CDN delivery, WebP with fallbacks, and lazy loading with IntersectionObserver for every gallery view. Creator attribution is non-negotiable and must persist across all contexts — artwork should never appear without visible credit to the generating artist. Minting flow is the monetization bottleneck: streamline to preview, confirm cost, and execute transaction in under three taps with no page reloads. Gas fee transparency prevents minting abandonment — show real-time estimates and allow users to adjust transaction speed versus cost tradeoffs. Blockchain provenance must be verifiable by anyone: link directly to transaction hashes, display smart contract addresses, and surface royalty percentages set by creators. Support multiple blockchain networks but make network selection obvious to prevent users minting on unexpected chains. Collection curation affects discoverability: allow creators to group algorithmic variations while letting collectors filter by generation parameters or visual attributes. Offline-generated art versus on-chain generation represents different trust models — make the distinction clear in presentation. Avoid: gallery views that require vertical scrolling to see more than two artworks, minting interfaces that hide total cost until final confirmation, and any creative submission flow that does not verify creator wallet ownership before publishing.","Minimal neutral frame; fast-loading masonry, creator-attributed always, dark-mode gallery default, one-tap minting, and blockchain-transparent provenance"
"Spatial Computing OS / App","spatial, vr, ar, vision, os, immersive, mixed-reality, xr, augmented reality, virtual reality, headset, hololens, quest, visionos, passthrough","Dimensionally aware and ergonomically grounded. The interface must operate in three spatial axes with depth as the primary organizational principle — information hierarchy is expressed through z-axis positioning, not just visual weight. Typography must remain legible across varying distances and spatial scales, using dynamic scaling that adjusts based on proximity to the user. Glassmorphism and translucency are functional requirements, not aesthetic choices: UI panels must maintain context by allowing the environment to remain visible through interfaces. Interaction feedback must be immediate and spatial — hover states triggered by gaze, tactile confirmation through hand gestures, and audio cues that reinforce spatial positioning. Visual density must be carefully managed: dense UIs cause cognitive overload in 3D space where users cannot selectively ignore background elements as they can on flat screens. The interface should feel anchored to the environment or body-relative depending on task context — persistent utilities follow the user, while content windows remain world-locked. Avoid: 2D UI patterns naively ported to 3D space, opaque panels that obscure environmental awareness, interaction patterns that require prolonged uncomfortable head positions, and interfaces designed without considering depth perception and parallax effects.","Hero section must demonstrate spatial capability through embedded interactive 3D preview or video capture showing actual headset POV, not concept renders. Lead with the spatial interaction model: how gaze plus gesture replaces traditional input, how windows exist in space rather than on screens, and how apps integrate with physical environments. Below the fold: supported hardware platforms and input methods, spatial app ecosystem with example use cases showing real implementations, developer SDK and spatial design guidelines prominently featured, and ergonomic comfort commitments addressing eye strain and physical fatigue. Social proof from spatial computing pioneers, enterprise deployments, and accessibility implementations. Technical specifications should clarify field of view, hand tracking accuracy, and passthrough quality without marketing hyperbole. Privacy section must address eye tracking data handling, spatial mapping, and environmental capture permissions. Avoid: hero imagery showing people wearing headsets from third-person view rather than demonstrating first-person spatial experience, feature lists that do not explain how spatial interaction differs from screen-based computing, and marketing that oversells immersion without acknowledging physical comfort limitations.","Spatial home as the primary interface: floating windows arranged in the user's field of view with depth-based organization, persistent system controls body-anchored to dominant hand or gaze-following for quick access, and environment-aware layouts that adapt to available physical space. App windows use glassmorphic panels with variable opacity based on content needs — video players and immersive content can go opaque, while productivity apps maintain environmental visibility. Navigation employs progressive disclosure: start with spatial overview showing all active windows, then allow users to focus by bringing windows forward in z-space. Gaze-targeting uses dwell time or pinch confirmation to prevent accidental activation — eyes target, hands confirm. Hand menus appear spatially anchored near the summoning hand to avoid tracking interference. System notifications appear in peripheral vision zones with spatial audio cues directing attention without demanding immediate head movement. Workspace presets allow users to save and restore spatial window arrangements for different contexts. Accessibility features include voice control as alternative to hand gestures, high-contrast modes that maintain glassmorphic depth cues, and reduced motion settings that minimize parallax effects. Avoid: flat window grids that ignore depth axis, opaque system UI that blocks environmental awareness, gaze-only interactions that cause eye fatigue from prolonged targeting, and interface elements placed outside comfortable field of view zones.","Translucent frosted glass as the foundational material — UI panels use blur, slight tint, and subtle borders to maintain visibility against varied backgrounds while preserving environmental context. System-wide palette uses neutral grays and whites with carefully controlled opacity to work across diverse real-world environments and lighting conditions. Depth cues come from layering, shadows, and parallax motion rather than aggressive color contrast. Semantic colors for interactive elements follow accessibility standards but appear softer due to glassmorphic treatment: blues for interactive elements, greens for confirmations, ambers for warnings, reds for critical actions and errors. Spatial hierarchy uses color temperature: warmer tones for closer interactive elements, cooler tones for background and ambient information. Text maintains 4.5:1 contrast minimum against glassmorphic backgrounds through dynamic contrast adjustment based on environmental passthrough. Avoid: saturated colors that create visual fatigue in prolonged use, opaque backgrounds that destroy spatial awareness, and color-coding schemes that rely on hue differentiation alone without luminance contrast for accessibility.","Gaze plus gesture is the foundational interaction model, but implementation details determine success or failure. Gaze provides rapid targeting, but pinch or hand confirmation prevents eye-tracking false positives from involuntary eye movements. Implement 230ms hover delay before showing gaze feedback to prevent self-consciousness about natural eye scanning. During active manipulation, ignore gaze entirely and use hand position — users look ahead to target locations while hands lag behind performing the action. Target sizes must be substantially larger than screen-based UI to account for hand-tracking precision limits and spatial depth perception variance. Keep interactive elements within 60-degree horizontal and 40-degree vertical comfortable field of view to prevent neck strain. Content windows should use dynamic scaling: automatically grow slightly as they move farther from the user to maintain apparent size and legibility. Environment awareness is critical: detect surfaces for natural window anchoring, adjust UI opacity when user moves through varied lighting, and warn when physical obstacles approach while user is immersed. Session duration management through ambient cues: gradually increase transparency or suggest breaks after extended periods without forcing interruption. Accessibility cannot be an afterthought in spatial computing — provide voice control, hand-free gaze-blink alternatives, and configurable comfort settings from first launch. Spatial audio must reinforce visual cues without creating audio clutter: use subtle directional sound to guide attention to off-screen notifications. Hand-tracking occlusion and lighting dependency are current platform limitations — design fallback interactions and clear feedback when tracking quality degrades. Avoid: requiring users to hold arms extended for prolonged periods, gaze-only selection without manual confirmation causing accidental activations, placing critical UI outside the comfortable viewing zone, and failing to warn users about physical obstacles during immersive experiences.","Glassmorphic depth-first; gaze-pinch confirmed, z-axis hierarchy, dynamic proximity scaling, 60-degree comfort zones, environment-aware translucent panels"
"Sustainable Energy / Climate Tech","climate, energy, sustainable, green, tech, carbon, renewable, solar, wind, emissions, carbon footprint, impact, environmental, net zero, decarbonization, clean energy","Data-forward with restrained visual weight. The interface must balance scientific credibility with approachability — complex environmental data needs to feel trustworthy without intimidating non-technical users. Typography should be clean and technical for data labels, but human and accessible for explanations and contextual guidance. Information density is high by necessity, but must be organized through progressive disclosure: lead with the headline metric or impact score, then allow deeper exploration of methodology and source data. Visualizations should prioritize temporal trends and comparisons over decorative charts — show progress toward targets, historical baselines, and peer benchmarks. The visual language should convey transparency and rigor without clinical coldness. Avoid: greenwashing aesthetics like saturated leaf-greens and nature photography as decoration, oversimplified metrics that obscure methodology, and interfaces that make sustainability feel like optional virtue signaling rather than operational necessity.","Hero section establishes impact credibility first: show real measurement in action through an embedded live dashboard excerpt, emissions tracking visualization, or transparent data methodology diagram. Lead with the measurable outcome, not aspirational language. Below the fold: data source integrations and measurement scope coverage, compliance and reporting framework support, methodology transparency section with standards referenced, and impact visualization capabilities. Social proof from recognized environmental organizations, regulatory bodies, or certified B-Corps — not generic testimonials. Pricing must address audit-readiness and reporting compliance as value drivers. Footer should include certification logos and third-party verification badges where applicable. Avoid: green-washed hero imagery with wind turbines or solar panels as decoration, vague claims about carbon neutrality without methodology disclosure, and landing pages that prioritize marketing emotion over measurement transparency.","Impact dashboard as the primary view: current emissions or energy metrics with trend direction, progress toward stated reduction targets with projected trajectory, and comparison against baseline or industry benchmarks. Measurement breakdown showing Scope 1, 2, and 3 emissions with drilling into contributing sources. Data source integration status with last-sync timestamps and data completeness indicators. Historical trend visualization with annotated intervention points showing cause-effect relationships. Compliance reporting section with pre-formatted exports for CDP, GRI, TCFD, or regulatory frameworks. Scenario modeling for evaluating intervention impact before implementation. Methodology transparency panel explaining calculation methods, data sources, and assumptions. Real-time alerts for threshold breaches or anomalous consumption patterns. Avoid: dashboards that show only top-line metrics without methodology access, visualization-heavy layouts that sacrifice data precision, and interfaces that require manual data entry for core measurements when integrations exist.","Restrained earth-tone palette that conveys environmental focus without visual cliché. Use muted natural greens and blues as accents for positive environmental outcomes, never as primary interface color. Warm amber for warnings about targets at risk or efficiency opportunities. Cool grays and soft whites for backgrounds to support high data density without visual fatigue. Data visualizations use colorblind-safe palettes with high contrast — environmental data must be accessible to all stakeholders. Emissions reductions and efficiency gains use directional color coding: declining trend lines in positive green, increasing in warning amber. Avoid decorative gradients or nature-photography color sampling. Carbon intensity and impact metrics should use standardized color scales that remain consistent across the product. Avoid: saturated greens that signal greenwashing, rainbow palettes that confuse semantic meaning, and color choices that prioritize brand expression over data legibility.","Methodology transparency is the trust foundation — every metric must trace back to its calculation method and data sources. Users assume greenwashing until proven otherwise, so design for skepticism by making verification pathways obvious. Data completeness and confidence intervals matter more than precision — show gaps honestly rather than interpolating. Temporal comparisons require careful baseline establishment: migrations between calculation methods or expanded measurement scopes must be annotated clearly to prevent false trend interpretation. Performance optimization is an environmental imperative, not just a UX concern — page weight and rendering efficiency directly contradict climate-positive messaging. Implement aggressive image compression, minimal JavaScript, efficient rendering, and consider carbon-aware hosting. Behavior change requires closing the feedback loop between action and impact: show users how specific interventions moved metrics, not just that metrics changed. Support both operational decision-makers who need rapid answers and auditors who need complete documentation. Offline access for presentations to boards or regulatory bodies. Data export must support both summary reporting and granular analysis. Avoid: interfaces that present impact scores without calculation transparency, and dashboards that treat environmental metrics as vanity KPIs rather than operational drivers.","Transparent data-centric; earth-toned restraint, temporal trend focus, methodology-accessible dashboards, Scope 1-2-3 breakdown, and performance-optimized delivery"
"Smart Home Control Hub","smart home, home automation, iot, connected devices, hub, control center, smart hub, home control, automation platform, smart house, device management, scene automation","Contextual and device-agnostic. The interface must unify control across manufacturers and protocols into a consistent interaction model that works regardless of device brand or communication standard. Typography should be large and readable at arm's length for wall-mounted tablets or across-room phone usage, with clear labels that use plain language over technical jargon. Layouts prioritize room-based organization over device-type categorization: users think spatially about their homes, not in lists of thermostats and lights. Visual hierarchy emphasizes immediate actions: single-tap controls for frequently used devices prominently displayed, advanced scheduling and automation rules accessible but not cluttering the main view. Status feedback must be instantaneous and unambiguous: when a user taps to turn on a light, visual confirmation appears within 200ms even if the actual device takes longer to respond. The interface should feel ambient and unobtrusive when idle, then responsive and clear during active control. Dark mode and light mode must both be implemented since usage contexts vary from bedside night control to bright kitchen morning routines. Avoid: complex nested menus that require multiple taps to perform basic actions, manufacturer-branded UI inconsistencies between device types, technical error messages when devices fail to respond, and interfaces designed only for phone screens rather than tablets or in-wall panels.","Hero section demonstrates unified control through embedded interface preview showing multiple device types controlled from single dashboard, not abstract smart home lifestyle photography. Lead with the interoperability value: supported protocols, device brands, and total compatible devices with live marketplace verification. Below the fold: room-based organization demonstration showing how devices group naturally, automation examples with if-this-then-that visual logic builders, energy monitoring capabilities with real-time consumption tracking, and voice assistant integration options. Security and privacy section addresses local processing versus cloud dependency, encrypted communications, and user data handling. Installation complexity acknowledged honestly: professional setup versus DIY with prerequisite network requirements stated clearly. Social proof from verified installation base and energy savings data, not generic testimonials. Ecosystem expansion path showing how additional devices integrate without reconfiguration. Avoid: hero imagery of isolated smart devices instead of integrated control experience, compatibility claims without specific protocol version support, automation features buried in documentation, and landing pages that oversimplify the technical prerequisites for reliable operation.","Home overview as primary interface: spatial floor plan or room grid showing all spaces with device counts and status summaries at a glance, favorite devices pinned at top for single-tap access, and current environmental conditions aggregated across sensors. Room detail views group all devices by physical location with contextual controls: lights show brightness sliders and color pickers, thermostats display current and target temperatures with immediate adjustment, locks show secure-unlocked status with one-tap toggle. Scene triggers prominently displayed: morning routine, leave home, movie time, bedtime with single-tap activation executing multi-device sequences. Automation builder uses visual logic: when-condition-then-action with drag-drop device selection and plain-language rule descriptions. Energy dashboard shows real-time consumption by device and room with historical trends and cost projections. Notification center aggregates alerts: security events prioritized over routine status updates, with configurable quiet hours and device-specific thresholds. Device management panel for adding new devices with protocol auto-detection and guided pairing flows. Family member profiles with permission controls and customized interface layouts. Quick actions accessible from lock screen or notification shade for emergency scenarios. Avoid: flat device lists without spatial organization, automation rules that require scripting knowledge, energy data presented only as raw numbers without context, and notification systems that create alert fatigue through undifferentiated urgency.","Adaptive palette that works across lighting conditions. Light mode uses soft backgrounds with high-contrast text for daytime kitchen tablet usage. Dark mode uses deep backgrounds with reduced brightness for bedside night controls. Device status uses intuitive semantic colors: warm amber for active heating, cool blue for active cooling, green for locked and secure, red for alerts and errors. Controllable devices display with higher saturation to indicate interactive state versus read-only sensors shown in muted tones. Energy consumption visualizations use gradient heatmaps from cool efficient to warm inefficient. Room-based color coding optional for visual organization but never required for functional understanding. Accent colors for automation triggers and scenes should be user-customizable to support personal organization systems. Avoid: purely decorative color that adds no functional information, aggressive saturation that causes eye strain during night usage, and color-only status encoding without shape or text redundancy for accessibility.","Device response latency creates trust issues: show optimistic UI updates immediately while background commands execute, but surface timeout errors clearly when devices fail to respond within 3 seconds. Room-based organization must support flexible definitions: users need to create custom zones like outdoor, garage, and basement beyond standard room types. Automation reliability depends on local processing fallback: critical routines like security arming must execute even when internet connectivity fails. Device onboarding is the friction point: implement automatic discovery where possible, provide clear troubleshooting for pairing failures, and never assume users know their WiFi network band or IP address ranges. Energy monitoring provides value only with actionable recommendations: flag phantom loads, identify inefficient devices, and suggest automation rules to reduce consumption. Voice control integration should complement not replace visual interface: some tasks like adjusting multiple light brightnesses are faster with sliders than sequential voice commands. Family member permissions prevent conflicts: kids can control lights but not unlock doors, guests can trigger scenes but not modify automation rules. Notification fatigue is real: default to only security-critical alerts, allow per-device thresholds, and provide routine summaries instead of individual status changes. Cross-protocol communication is invisible to users but critical for reliability: implement device health monitoring, warn when protocols are deprecated, and provide migration paths when manufacturers change cloud dependencies. Session state must persist across devices: starting scene configuration on phone should continue seamlessly on tablet. Avoid: requiring users to know device IP addresses or MAC addresses for troubleshooting, automation interfaces that break when a single device becomes unavailable, energy dashboards that show only current usage without historical baselines for comparison, and setup flows that assume technical expertise with network configuration.","Room-spatial organization; instant status feedback, cross-protocol unification, scene-based automation, energy-contextual monitoring, and family-permissioned control"