No,niche_id,application_types,Font Pairing Name,Category,Heading Font,Body Font,Mood/Style Keywords,Best For,Google Fonts URL,CSS Import,Tailwind Config,Notes
1,blog;ecommerce;medical;realestate;food;travel,blog;editorial;article;storefront;product-grid;patient-portal;wellness-app;property-listing;agent-portfolio;restaurant-site;menu-display;booking-platform;hotel-booking,Classic Elegant,Serif + Sans,Playfair Display,Inter,elegant, luxury, sophisticated, timeless, premium, editorial,Luxury brands, fashion, spa, beauty, editorial, magazines, high-end e-commerce,https://fonts.google.com/share?selection.family=Inter:wght@300;400;500;600;700|Playfair+Display:wght@400;500;600;700,@import url('https://fonts.googleapis.com/css2?family=Inter:wght@300;400;500;600;700&family=Playfair+Display:wght@400;500;600;700&display=swap');,fontFamily: { serif: ['Playfair Display', 'serif'], sans: ['Inter', 'sans-serif'] },High contrast between elegant heading and clean body. Perfect for luxury/premium.
2,saas;education;realestate;social;travel,web-app;productivity-tool;lms;online-course;training-platform;property-search;property-management;social-network;community-forum;booking-platform;travel-planner,Modern Professional,Sans + Sans,Poppins,Open Sans,modern, professional, clean, corporate, friendly, approachable,SaaS, corporate sites, business apps, startups, professional services,https://fonts.google.com/share?selection.family=Open+Sans:wght@300;400;500;600;700|Poppins:wght@400;500;600;700,@import url('https://fonts.googleapis.com/css2?family=Open+Sans:wght@300;400;500;600;700&family=Poppins:wght@400;500;600;700&display=swap');,fontFamily: { heading: ['Poppins', 'sans-serif'], body: ['Open Sans', 'sans-serif'] },Geometric Poppins for headings, humanist Open Sans for readability.
3,saas;ecommerce,web-app;productivity-tool;storefront;product-grid,Tech Startup,Sans + Sans,Space Grotesk,DM Sans,tech, startup, modern, innovative, bold, futuristic,Tech companies, startups, SaaS, developer tools, AI products,https://fonts.google.com/share?selection.family=DM+Sans:wght@400;500;700|Space+Grotesk:wght@400;500;600;700,@import url('https://fonts.googleapis.com/css2?family=DM+Sans:wght@400;500;700&family=Space+Grotesk:wght@400;500;600;700&display=swap');,fontFamily: { heading: ['Space Grotesk', 'sans-serif'], body: ['DM Sans', 'sans-serif'] },Space Grotesk has unique character, DM Sans is highly readable.
4,blog,blog;editorial;article,Editorial Classic,Serif + Serif,Cormorant Garamond,Libre Baskerville,editorial, classic, literary, traditional, refined, bookish,Publishing, blogs, news sites, literary magazines, book covers,https://fonts.google.com/share?selection.family=Cormorant+Garamond:wght@400;500;600;700|Libre+Baskerville:wght@400;700,@import url('https://fonts.googleapis.com/css2?family=Cormorant+Garamond:wght@400;500;600;700&family=Libre+Baskerville:wght@400;700&display=swap');,fontFamily: { heading: ['Cormorant Garamond', 'serif'], body: ['Libre Baskerville', 'serif'] },All-serif pairing for traditional editorial feel.
5,dashboard,analytics;admin-panel;data-visualization,Minimal Swiss,Sans + Sans,Inter,Inter,minimal, clean, swiss, functional, neutral, professional,Dashboards, admin panels, documentation, enterprise apps, design systems,https://fonts.google.com/share?selection.family=Inter:wght@300;400;500;600;700,@import url('https://fonts.googleapis.com/css2?family=Inter:wght@300;400;500;600;700&display=swap');,fontFamily: { sans: ['Inter', 'sans-serif'] },Single font family with weight variations. Ultimate simplicity.
6,portfolio;education,design-portfolio;creative-studio;classroom-tool;quiz-platform;student-portal,Playful Creative,Display + Sans,Fredoka,Nunito,playful, friendly, fun, creative, warm, approachable,Children's apps, educational, gaming, creative tools, entertainment,https://fonts.google.com/share?selection.family=Fredoka:wght@400;500;600;700|Nunito:wght@300;400;500;600;700,@import url('https://fonts.googleapis.com/css2?family=Fredoka:wght@400;500;600;700&family=Nunito:wght@300;400;500;600;700&display=swap');,fontFamily: { heading: ['Fredoka', 'sans-serif'], body: ['Nunito', 'sans-serif'] },Rounded, friendly fonts perfect for playful UIs.
7,marketing;portfolio;travel,landing-page;hero-section;design-portfolio;creative-studio;tour-operator;travel-blog;booking-platform,Bold Statement,Display + Sans,Bebas Neue,Source Sans 3,bold, impactful, strong, dramatic, modern, headlines,Marketing sites, portfolios, agencies, event pages, sports,https://fonts.google.com/share?selection.family=Bebas+Neue|Source+Sans+3:wght@300;400;500;600;700,@import url('https://fonts.googleapis.com/css2?family=Bebas+Neue&family=Source+Sans+3:wght@300;400;500;600;700&display=swap');,fontFamily: { display: ['Bebas Neue', 'sans-serif'], body: ['Source Sans 3', 'sans-serif'] },Bebas Neue for large headlines only. All-caps display font.
8,medical,patient-portal;wellness-app,Wellness Calm,Serif + Sans,Lora,Raleway,calm, wellness, health, relaxing, natural, organic,Health apps, wellness, spa, meditation, yoga, organic brands,https://fonts.google.com/share?selection.family=Lora:wght@400;500;600;700|Raleway:wght@300;400;500;600;700,@import url('https://fonts.googleapis.com/css2?family=Lora:wght@400;500;600;700&family=Raleway:wght@300;400;500;600;700&display=swap');,fontFamily: { serif: ['Lora', 'serif'], sans: ['Raleway', 'sans-serif'] },Lora's organic curves with Raleway's elegant simplicity.
9,blog;industrial,blog;editorial;article;iot-control-panel;monitoring-system,Developer Mono,Mono + Sans,JetBrains Mono,IBM Plex Sans,code, developer, technical, precise, functional, hacker,Developer tools, documentation, code editors, tech blogs, CLI apps,https://fonts.google.com/share?selection.family=IBM+Plex+Sans:wght@300;400;500;600;700|JetBrains+Mono:wght@400;500;600;700,@import url('https://fonts.googleapis.com/css2?family=IBM+Plex+Sans:wght@300;400;500;600;700&family=JetBrains+Mono:wght@400;500;600;700&display=swap');,fontFamily: { mono: ['JetBrains Mono', 'monospace'], sans: ['IBM Plex Sans', 'sans-serif'] },JetBrains for code, IBM Plex for UI. Developer-focused.
10,marketing;portfolio;food,landing-page;hero-section;design-portfolio;creative-studio;restaurant-site;food-blog;menu-display,Retro Vintage,Display + Serif,Abril Fatface,Merriweather,retro, vintage, nostalgic, dramatic, decorative, bold,Vintage brands, breweries, restaurants, creative portfolios, posters,https://fonts.google.com/share?selection.family=Abril+Fatface|Merriweather:wght@300;400;700,@import url('https://fonts.googleapis.com/css2?family=Abril+Fatface&family=Merriweather:wght@300;400;700&display=swap');,fontFamily: { display: ['Abril Fatface', 'serif'], body: ['Merriweather', 'serif'] },Abril Fatface for hero headlines only. High-impact vintage feel.
11,marketing;portfolio;travel,landing-page;hero-section;design-portfolio;creative-studio;travel-planner;itinerary-builder;tour-operator,Geometric Modern,Sans + Sans,Outfit,Work Sans,geometric, modern, clean, balanced, contemporary, versatile,General purpose, portfolios, agencies, modern brands, landing pages,https://fonts.google.com/share?selection.family=Outfit:wght@300;400;500;600;700|Work+Sans:wght@300;400;500;600;700,@import url('https://fonts.googleapis.com/css2?family=Outfit:wght@300;400;500;600;700&family=Work+Sans:wght@300;400;500;600;700&display=swap');,fontFamily: { heading: ['Outfit', 'sans-serif'], body: ['Work Sans', 'sans-serif'] },Both geometric but Outfit more distinctive for headings.
12,ecommerce;realestate,storefront;product-grid;property-listing;agent-portfolio;virtual-tour,Luxury Serif,Serif + Sans,Cormorant,Montserrat,luxury, high-end, fashion, elegant, refined, premium,Fashion brands, luxury e-commerce, jewelry, high-end services,https://fonts.google.com/share?selection.family=Cormorant:wght@400;500;600;700|Montserrat:wght@300;400;500;600;700,@import url('https://fonts.googleapis.com/css2?family=Cormorant:wght@400;500;600;700&family=Montserrat:wght@300;400;500;600;700&display=swap');,fontFamily: { serif: ['Cormorant', 'serif'], sans: ['Montserrat', 'sans-serif'] },Cormorant's elegance with Montserrat's geometric precision.
13,dashboard;saas;ecommerce;social,analytics;admin-panel;data-visualization;web-app;productivity-tool;storefront;product-grid;social-network;community-forum;group-platform,Friendly SaaS,Sans + Sans,Plus Jakarta Sans,Plus Jakarta Sans,friendly, modern, saas, clean, approachable, professional,SaaS products, web apps, dashboards, B2B, productivity tools,https://fonts.google.com/share?selection.family=Plus+Jakarta+Sans:wght@300;400;500;600;700,@import url('https://fonts.googleapis.com/css2?family=Plus+Jakarta+Sans:wght@300;400;500;600;700&display=swap');,fontFamily: { sans: ['Plus Jakarta Sans', 'sans-serif'] },Single versatile font. Modern alternative to Inter.
14,blog,blog;editorial;article,News Editorial,Serif + Sans,Newsreader,Roboto,news, editorial, journalism, trustworthy, readable, informative,News sites, blogs, magazines, journalism, content-heavy sites,https://fonts.google.com/share?selection.family=Newsreader:wght@400;500;600;700|Roboto:wght@300;400;500;700,@import url('https://fonts.googleapis.com/css2?family=Newsreader:wght@400;500;600;700&family=Roboto:wght@300;400;500;700&display=swap');,fontFamily: { serif: ['Newsreader', 'serif'], sans: ['Roboto', 'sans-serif'] },Newsreader designed for long-form reading. Roboto for UI.
15,marketing;blog;portfolio;food,landing-page;hero-section;blog;editorial;article;design-portfolio;creative-studio;restaurant-site;food-blog;catering-service,Handwritten Charm,Script + Sans,Caveat,Quicksand,handwritten, personal, friendly, casual, warm, charming,Personal blogs, invitations, creative portfolios, lifestyle brands,https://fonts.google.com/share?selection.family=Caveat:wght@400;500;600;700|Quicksand:wght@300;400;500;600;700,@import url('https://fonts.googleapis.com/css2?family=Caveat:wght@400;500;600;700&family=Quicksand:wght@300;400;500;600;700&display=swap');,fontFamily: { script: ['Caveat', 'cursive'], sans: ['Quicksand', 'sans-serif'] },Use Caveat sparingly for accents. Quicksand for body.
16,medical;fintech;education;nonprofit,patient-portal;wellness-app;financial-dashboard;trading-platform;lms;training-platform;certification-site;charity-site;donation-platform;ngo-site,Corporate Trust,Sans + Sans,Lexend,Source Sans 3,corporate, trustworthy, accessible, readable, professional, clean,Enterprise, government, healthcare, finance, accessibility-focused,https://fonts.google.com/share?selection.family=Lexend:wght@300;400;500;600;700|Source+Sans+3:wght@300;400;500;600;700,@import url('https://fonts.googleapis.com/css2?family=Lexend:wght@300;400;500;600;700&family=Source+Sans+3:wght@300;400;500;600;700&display=swap');,fontFamily: { heading: ['Lexend', 'sans-serif'], body: ['Source Sans 3', 'sans-serif'] },Lexend designed for readability. Excellent accessibility.
17,portfolio;medical;industrial,design-portfolio;creative-studio;patient-portal;wellness-app;iot-control-panel;monitoring-system,Brutalist Raw,Mono + Mono,Space Mono,Space Mono,brutalist, raw, technical, monospace, minimal, stark,Brutalist designs, developer portfolios, experimental, tech art,https://fonts.google.com/share?selection.family=Space+Mono:wght@400;700,@import url('https://fonts.googleapis.com/css2?family=Space+Mono:wght@400;700&display=swap');,fontFamily: { mono: ['Space Mono', 'monospace'] },All-mono for raw brutalist aesthetic. Limited weights.
18,ecommerce;portfolio,storefront;product-grid;design-portfolio;creative-studio,Fashion Forward,Sans + Sans,Syne,Manrope,fashion, avant-garde, creative, bold, artistic, edgy,Fashion brands, creative agencies, art galleries, design studios,https://fonts.google.com/share?selection.family=Manrope:wght@300;400;500;600;700|Syne:wght@400;500;600;700,@import url('https://fonts.googleapis.com/css2?family=Manrope:wght@300;400;500;600;700&family=Syne:wght@400;500;600;700&display=swap');,fontFamily: { heading: ['Syne', 'sans-serif'], body: ['Manrope', 'sans-serif'] },Syne's unique character for headlines. Manrope for readability.
19,ecommerce;medical;social,storefront;product-grid;patient-portal;wellness-app;social-network;community-forum;messaging-app,Soft Rounded,Sans + Sans,Varela Round,Nunito Sans,soft, rounded, friendly, approachable, warm, gentle,Children's products, pet apps, friendly brands, wellness, soft UI,https://fonts.google.com/share?selection.family=Nunito+Sans:wght@300;400;500;600;700|Varela+Round,@import url('https://fonts.googleapis.com/css2?family=Nunito+Sans:wght@300;400;500;600;700&family=Varela+Round&display=swap');,fontFamily: { heading: ['Varela Round', 'sans-serif'], body: ['Nunito Sans', 'sans-serif'] },Both rounded and friendly. Perfect for soft UI designs.
20,saas;portfolio,web-app;productivity-tool;design-portfolio;creative-studio,Premium Sans,Sans + Sans,Satoshi,General Sans,premium, modern, clean, sophisticated, versatile, balanced,Premium brands, modern agencies, SaaS, portfolios, startups,https://fonts.google.com/share?selection.family=DM+Sans:wght@400;500;700,@import url('https://fonts.googleapis.com/css2?family=DM+Sans:wght@400;500;700&display=swap');,fontFamily: { sans: ['DM Sans', 'sans-serif'] },Note: Satoshi/General Sans on Fontshare. DM Sans as Google alternative.
21,ecommerce,storefront;product-grid,Vietnamese Friendly,Sans + Sans,Be Vietnam Pro,Noto Sans,vietnamese, international, readable, clean, multilingual, accessible,Vietnamese sites, multilingual apps, international products,https://fonts.google.com/share?selection.family=Be+Vietnam+Pro:wght@300;400;500;600;700|Noto+Sans:wght@300;400;500;600;700,@import url('https://fonts.googleapis.com/css2?family=Be+Vietnam+Pro:wght@300;400;500;600;700&family=Noto+Sans:wght@300;400;500;600;700&display=swap');,fontFamily: { sans: ['Be Vietnam Pro', 'Noto Sans', 'sans-serif'] },Be Vietnam Pro excellent Vietnamese support. Noto as fallback.
22,saas;portfolio,web-app;creative-studio,Japanese Elegant,Serif + Sans,Noto Serif JP,Noto Sans JP,japanese, elegant, traditional, modern, multilingual, readable,Japanese sites, Japanese restaurants, cultural sites, anime/manga,https://fonts.google.com/share?selection.family=Noto+Sans+JP:wght@300;400;500;700|Noto+Serif+JP:wght@400;500;600;700,@import url('https://fonts.googleapis.com/css2?family=Noto+Sans+JP:wght@300;400;500;700&family=Noto+Serif+JP:wght@400;500;600;700&display=swap');,fontFamily: { serif: ['Noto Serif JP', 'serif'], sans: ['Noto Sans JP', 'sans-serif'] },Noto fonts excellent Japanese support. Traditional + modern feel.
23,saas;portfolio,web-app;creative-studio,Korean Modern,Sans + Sans,Noto Sans KR,Noto Sans KR,korean, modern, clean, professional, multilingual, readable,Korean sites, K-beauty, K-pop, Korean businesses, multilingual,https://fonts.google.com/share?selection.family=Noto+Sans+KR:wght@300;400;500;700,@import url('https://fonts.googleapis.com/css2?family=Noto+Sans+KR:wght@300;400;500;700&display=swap');,fontFamily: { sans: ['Noto Sans KR', 'sans-serif'] },Clean Korean typography. Single font with weight variations.
24,blog,blog;editorial;article,Chinese Traditional,Serif + Sans,Noto Serif TC,Noto Sans TC,chinese, traditional, elegant, cultural, multilingual, readable,Traditional Chinese sites, cultural content, Taiwan/Hong Kong markets,https://fonts.google.com/share?selection.family=Noto+Sans+TC:wght@300;400;500;700|Noto+Serif+TC:wght@400;500;600;700,@import url('https://fonts.googleapis.com/css2?family=Noto+Sans+TC:wght@300;400;500;700&family=Noto+Serif+TC:wght@400;500;600;700&display=swap');,fontFamily: { serif: ['Noto Serif TC', 'serif'], sans: ['Noto Sans TC', 'sans-serif'] },Traditional Chinese character support. Elegant pairing.
25,saas;portfolio,web-app;creative-studio,Chinese Simplified,Sans + Sans,Noto Sans SC,Noto Sans SC,chinese, simplified, modern, professional, multilingual, readable,Simplified Chinese sites, mainland China market, business apps,https://fonts.google.com/share?selection.family=Noto+Sans+SC:wght@300;400;500;700,@import url('https://fonts.googleapis.com/css2?family=Noto+Sans+SC:wght@300;400;500;700&display=swap');,fontFamily: { sans: ['Noto Sans SC', 'sans-serif'] },Simplified Chinese support. Clean modern look.
26,blog,blog;editorial;article,Arabic Elegant,Serif + Sans,Noto Naskh Arabic,Noto Sans Arabic,arabic, elegant, traditional, cultural, RTL, readable,Arabic sites, Middle East market, Islamic content, bilingual sites,https://fonts.google.com/share?selection.family=Noto+Naskh+Arabic:wght@400;500;600;700|Noto+Sans+Arabic:wght@300;400;500;700,@import url('https://fonts.googleapis.com/css2?family=Noto+Naskh+Arabic:wght@400;500;600;700&family=Noto+Sans+Arabic:wght@300;400;500;700&display=swap');,fontFamily: { serif: ['Noto Naskh Arabic', 'serif'], sans: ['Noto Sans Arabic', 'sans-serif'] },RTL support. Naskh for traditional, Sans for modern Arabic.
27,saas;portfolio,web-app;creative-studio,Thai Modern,Sans + Sans,Noto Sans Thai,Noto Sans Thai,thai, modern, readable, clean, multilingual, accessible,Thai sites, Southeast Asia, tourism, Thai restaurants,https://fonts.google.com/share?selection.family=Noto+Sans+Thai:wght@300;400;500;700,@import url('https://fonts.googleapis.com/css2?family=Noto+Sans+Thai:wght@300;400;500;700&display=swap');,fontFamily: { sans: ['Noto Sans Thai', 'sans-serif'] },Clean Thai typography. Excellent readability.
28,blog,blog;editorial;article,Hebrew Modern,Sans + Sans,Noto Sans Hebrew,Noto Sans Hebrew,hebrew, modern, RTL, clean, professional, readable,Hebrew sites, Israeli market, Jewish content, bilingual sites,https://fonts.google.com/share?selection.family=Noto+Sans+Hebrew:wght@300;400;500;700,@import url('https://fonts.googleapis.com/css2?family=Noto+Sans+Hebrew:wght@300;400;500;700&display=swap');,fontFamily: { sans: ['Noto Sans Hebrew', 'sans-serif'] },RTL support. Clean modern Hebrew typography.
29,saas;portfolio;realestate;nonprofit,web-app;creative-studio;property-listing;home-valuation;real-estate-crm;government-portal;public-service;advocacy-site,Legal Professional,Serif + Sans,EB Garamond,Lato,legal, professional, traditional, trustworthy, formal, authoritative,Law firms, legal services, contracts, formal documents, government,https://fonts.google.com/share?selection.family=EB+Garamond:wght@400;500;600;700|Lato:wght@300;400;700,@import url('https://fonts.googleapis.com/css2?family=EB+Garamond:wght@400;500;600;700&family=Lato:wght@300;400;700&display=swap');,fontFamily: { serif: ['EB Garamond', 'serif'], sans: ['Lato', 'sans-serif'] },EB Garamond for authority. Lato for clean body text.
30,medical;nonprofit,patient-portal;wellness-app;charity-site;ngo-site;public-service,Medical Clean,Sans + Sans,Figtree,Noto Sans,medical, clean, accessible, professional, healthcare, trustworthy,Healthcare, medical clinics, pharma, health apps, accessibility,https://fonts.google.com/share?selection.family=Figtree:wght@300;400;500;600;700|Noto+Sans:wght@300;400;500;700,@import url('https://fonts.googleapis.com/css2?family=Figtree:wght@300;400;500;600;700&family=Noto+Sans:wght@300;400;500;700&display=swap');,fontFamily: { heading: ['Figtree', 'sans-serif'], body: ['Noto Sans', 'sans-serif'] },Clean, accessible fonts for medical contexts.
31,fintech,financial-dashboard;trading-platform,Financial Trust,Sans + Sans,IBM Plex Sans,IBM Plex Sans,financial, trustworthy, professional, corporate, banking, serious,Banks, finance, insurance, investment, fintech, enterprise,https://fonts.google.com/share?selection.family=IBM+Plex+Sans:wght@300;400;500;600;700,@import url('https://fonts.googleapis.com/css2?family=IBM+Plex+Sans:wght@300;400;500;600;700&display=swap');,fontFamily: { sans: ['IBM Plex Sans', 'sans-serif'] },IBM Plex conveys trust and professionalism. Excellent for data.
32,portfolio;realestate,design-portfolio;creative-studio;property-listing;agent-portfolio;virtual-tour;home-valuation,Real Estate Luxury,Serif + Sans,Cinzel,Josefin Sans,real estate, luxury, elegant, sophisticated, property, premium,Real estate, luxury properties, architecture, interior design,https://fonts.google.com/share?selection.family=Cinzel:wght@400;500;600;700|Josefin+Sans:wght@300;400;500;600;700,@import url('https://fonts.googleapis.com/css2?family=Cinzel:wght@400;500;600;700&family=Josefin+Sans:wght@300;400;500;600;700&display=swap');,fontFamily: { serif: ['Cinzel', 'serif'], sans: ['Josefin Sans', 'sans-serif'] },Cinzel's elegance for headlines. Josefin for modern body.
33,blog;food,blog;editorial;article;restaurant-site;menu-display;reservation-system,Restaurant Menu,Serif + Sans,Playfair Display SC,Karla,restaurant, menu, culinary, elegant, foodie, hospitality,Restaurants, cafes, food blogs, culinary, hospitality,https://fonts.google.com/share?selection.family=Karla:wght@300;400;500;600;700|Playfair+Display+SC:wght@400;700,@import url('https://fonts.googleapis.com/css2?family=Karla:wght@300;400;500;600;700&family=Playfair+Display+SC:wght@400;700&display=swap');,fontFamily: { display: ['Playfair Display SC', 'serif'], sans: ['Karla', 'sans-serif'] },Small caps Playfair for menu headers. Karla for descriptions.
34,marketing,landing-page;hero-section,Art Deco,Display + Sans,Poiret One,Didact Gothic,art deco, vintage, 1920s, elegant, decorative, gatsby,Vintage events, art deco themes, luxury hotels, classic cocktails,https://fonts.google.com/share?selection.family=Didact+Gothic|Poiret+One,@import url('https://fonts.googleapis.com/css2?family=Didact+Gothic&family=Poiret+One&display=swap');,fontFamily: { display: ['Poiret One', 'sans-serif'], sans: ['Didact Gothic', 'sans-serif'] },Poiret One for art deco headlines only. Didact for body.
35,blog,blog;editorial;article,Magazine Style,Serif + Sans,Libre Bodoni,Public Sans,magazine, editorial, publishing, refined, journalism, print,Magazines, online publications, editorial content, journalism,https://fonts.google.com/share?selection.family=Libre+Bodoni:wght@400;500;600;700|Public+Sans:wght@300;400;500;600;700,@import url('https://fonts.googleapis.com/css2?family=Libre+Bodoni:wght@400;500;600;700&family=Public+Sans:wght@300;400;500;600;700&display=swap');,fontFamily: { serif: ['Libre Bodoni', 'serif'], sans: ['Public Sans', 'sans-serif'] },Bodoni's editorial elegance. Public Sans for clean UI.
36,fintech,financial-dashboard;trading-platform,Crypto/Web3,Sans + Sans,Orbitron,Exo 2,crypto, web3, futuristic, tech, blockchain, digital,Crypto platforms, NFT, blockchain, web3, futuristic tech,https://fonts.google.com/share?selection.family=Exo+2:wght@300;400;500;600;700|Orbitron:wght@400;500;600;700,@import url('https://fonts.googleapis.com/css2?family=Exo+2:wght@300;400;500;600;700&family=Orbitron:wght@400;500;600;700&display=swap');,fontFamily: { display: ['Orbitron', 'sans-serif'], body: ['Exo 2', 'sans-serif'] },Orbitron for futuristic headers. Exo 2 for readable body.
37,saas;portfolio,web-app;creative-studio,Gaming Bold,Display + Sans,Russo One,Chakra Petch,gaming, bold, action, esports, competitive, energetic,Gaming, esports, action games, competitive sports, entertainment,https://fonts.google.com/share?selection.family=Chakra+Petch:wght@300;400;500;600;700|Russo+One,@import url('https://fonts.googleapis.com/css2?family=Chakra+Petch:wght@300;400;500;600;700&family=Russo+One&display=swap');,fontFamily: { display: ['Russo One', 'sans-serif'], body: ['Chakra Petch', 'sans-serif'] },Russo One for impact. Chakra Petch for techy body text.
38,ecommerce;portfolio;food,storefront;product-grid;design-portfolio;creative-studio;restaurant-site;food-blog;catering-service,Indie/Craft,Display + Sans,Amatic SC,Cabin,indie, craft, handmade, artisan, organic, creative,Craft brands, indie products, artisan, handmade, organic products,https://fonts.google.com/share?selection.family=Amatic+SC:wght@400;700|Cabin:wght@400;500;600;700,@import url('https://fonts.googleapis.com/css2?family=Amatic+SC:wght@400;700&family=Cabin:wght@400;500;600;700&display=swap');,fontFamily: { display: ['Amatic SC', 'sans-serif'], sans: ['Cabin', 'sans-serif'] },Amatic for handwritten feel. Cabin for readable body.
39,saas;ecommerce,web-app;productivity-tool;storefront;product-grid,Startup Bold,Sans + Sans,Clash Display,Satoshi,startup, bold, modern, innovative, confident, dynamic,Startups, pitch decks, product launches, bold brands,https://fonts.google.com/share?selection.family=Outfit:wght@400;500;600;700|Rubik:wght@300;400;500;600;700,@import url('https://fonts.googleapis.com/css2?family=Outfit:wght@400;500;600;700&family=Rubik:wght@300;400;500;600;700&display=swap');,fontFamily: { heading: ['Outfit', 'sans-serif'], body: ['Rubik', 'sans-serif'] },Note: Clash Display on Fontshare. Outfit as Google alternative.
40,ecommerce,storefront;product-grid,E-commerce Clean,Sans + Sans,Rubik,Nunito Sans,ecommerce, clean, shopping, product, retail, conversion,E-commerce, online stores, product pages, retail, shopping,https://fonts.google.com/share?selection.family=Nunito+Sans:wght@300;400;500;600;700|Rubik:wght@300;400;500;600;700,@import url('https://fonts.googleapis.com/css2?family=Nunito+Sans:wght@300;400;500;600;700&family=Rubik:wght@300;400;500;600;700&display=swap');,fontFamily: { heading: ['Rubik', 'sans-serif'], body: ['Nunito Sans', 'sans-serif'] },Clean readable fonts perfect for product descriptions.
41,saas;portfolio;education,web-app;creative-studio;lms;online-course;student-portal;certification-site,Academic/Research,Serif + Sans,Crimson Pro,Atkinson Hyperlegible,academic, research, scholarly, accessible, readable, educational,Universities, research papers, academic journals, educational,https://fonts.google.com/share?selection.family=Atkinson+Hyperlegible:wght@400;700|Crimson+Pro:wght@400;500;600;700,@import url('https://fonts.googleapis.com/css2?family=Atkinson+Hyperlegible:wght@400;700&family=Crimson+Pro:wght@400;500;600;700&display=swap');,fontFamily: { serif: ['Crimson Pro', 'serif'], sans: ['Atkinson Hyperlegible', 'sans-serif'] },Crimson for scholarly headlines. Atkinson for accessibility.
42,dashboard;industrial,analytics;admin-panel;data-visualization;iot-control-panel;monitoring-system,Dashboard Data,Mono + Sans,Fira Code,Fira Sans,dashboard, data, analytics, code, technical, precise,Dashboards, analytics, data visualization, admin panels,https://fonts.google.com/share?selection.family=Fira+Code:wght@400;500;600;700|Fira+Sans:wght@300;400;500;600;700,@import url('https://fonts.googleapis.com/css2?family=Fira+Code:wght@400;500;600;700&family=Fira+Sans:wght@300;400;500;600;700&display=swap');,fontFamily: { mono: ['Fira Code', 'monospace'], sans: ['Fira Sans', 'sans-serif'] },Fira family cohesion. Code for data, Sans for labels.
43,marketing,landing-page;hero-section,Music/Entertainment,Display + Sans,Righteous,Poppins,music, entertainment, fun, energetic, bold, performance,Music platforms, entertainment, events, festivals, performers,https://fonts.google.com/share?selection.family=Poppins:wght@300;400;500;600;700|Righteous,@import url('https://fonts.googleapis.com/css2?family=Poppins:wght@300;400;500;600;700&family=Righteous&display=swap');,fontFamily: { display: ['Righteous', 'sans-serif'], sans: ['Poppins', 'sans-serif'] },Righteous for bold entertainment headers. Poppins for body.
44,portfolio,design-portfolio;creative-studio,Minimalist Portfolio,Sans + Sans,Archivo,Space Grotesk,minimal, portfolio, designer, creative, clean, artistic,Design portfolios, creative professionals, minimalist brands,https://fonts.google.com/share?selection.family=Archivo:wght@300;400;500;600;700|Space+Grotesk:wght@300;400;500;600;700,@import url('https://fonts.googleapis.com/css2?family=Archivo:wght@300;400;500;600;700&family=Space+Grotesk:wght@300;400;500;600;700&display=swap');,fontFamily: { heading: ['Space Grotesk', 'sans-serif'], body: ['Archivo', 'sans-serif'] },Space Grotesk for distinctive headers. Archivo for clean body.
45,blog;education,blog;editorial;article;classroom-tool;quiz-platform;student-portal;tutoring-app,Kids/Education,Display + Sans,Baloo 2,Comic Neue,kids, education, playful, friendly, colorful, learning,Children's apps, educational games, kid-friendly content,https://fonts.google.com/share?selection.family=Baloo+2:wght@400;500;600;700|Comic+Neue:wght@300;400;700,@import url('https://fonts.googleapis.com/css2?family=Baloo+2:wght@400;500;600;700&family=Comic+Neue:wght@300;400;700&display=swap');,fontFamily: { display: ['Baloo 2', 'sans-serif'], sans: ['Comic Neue', 'sans-serif'] },Fun, playful fonts for children. Comic Neue is readable comic style.
46,saas;portfolio,web-app;creative-studio,Wedding/Romance,Script + Serif,Great Vibes,Cormorant Infant,wedding, romance, elegant, script, invitation, feminine,Wedding sites, invitations, romantic brands, bridal,https://fonts.google.com/share?selection.family=Cormorant+Infant:wght@300;400;500;600;700|Great+Vibes,@import url('https://fonts.googleapis.com/css2?family=Cormorant+Infant:wght@300;400;500;600;700&family=Great+Vibes&display=swap');,fontFamily: { script: ['Great Vibes', 'cursive'], serif: ['Cormorant Infant', 'serif'] },Great Vibes for elegant accents. Cormorant for readable text.
47,dashboard,analytics;admin-panel;data-visualization,Science/Tech,Sans + Sans,Exo,Roboto Mono,science, technology, research, data, futuristic, precise,Science, research, tech documentation, data-heavy sites,https://fonts.google.com/share?selection.family=Exo:wght@300;400;500;600;700|Roboto+Mono:wght@300;400;500;700,@import url('https://fonts.googleapis.com/css2?family=Exo:wght@300;400;500;600;700&family=Roboto+Mono:wght@300;400;500;700&display=swap');,fontFamily: { sans: ['Exo', 'sans-serif'], mono: ['Roboto Mono', 'monospace'] },Exo for modern tech feel. Roboto Mono for code/data.
48,medical;nonprofit,patient-portal;wellness-app;government-portal;public-service;charity-site,Accessibility First,Sans + Sans,Atkinson Hyperlegible,Atkinson Hyperlegible,accessible, readable, inclusive, WCAG, dyslexia-friendly, clear,Accessibility-critical sites, government, healthcare, inclusive design,https://fonts.google.com/share?selection.family=Atkinson+Hyperlegible:wght@400;700,@import url('https://fonts.googleapis.com/css2?family=Atkinson+Hyperlegible:wght@400;700&display=swap');,fontFamily: { sans: ['Atkinson Hyperlegible', 'sans-serif'] },Designed for maximum legibility. Excellent for accessibility.
49,medical,patient-portal;wellness-app,Sports/Fitness,Sans + Sans,Barlow Condensed,Barlow,sports, fitness, athletic, energetic, condensed, action,Sports, fitness, gyms, athletic brands, competition,https://fonts.google.com/share?selection.family=Barlow+Condensed:wght@400;500;600;700|Barlow:wght@300;400;500;600;700,@import url('https://fonts.googleapis.com/css2?family=Barlow+Condensed:wght@400;500;600;700&family=Barlow:wght@300;400;500;600;700&display=swap');,fontFamily: { display: ['Barlow Condensed', 'sans-serif'], body: ['Barlow', 'sans-serif'] },Condensed for impact headlines. Regular Barlow for body.
50,ecommerce,storefront;product-grid,Luxury Minimalist,Serif + Sans,Bodoni Moda,Jost,luxury, minimalist, high-end, sophisticated, refined, premium,Luxury minimalist brands, high-end fashion, premium products,https://fonts.google.com/share?selection.family=Bodoni+Moda:wght@400;500;600;700|Jost:wght@300;400;500;600;700,@import url('https://fonts.googleapis.com/css2?family=Bodoni+Moda:wght@400;500;600;700&family=Jost:wght@300;400;500;600;700&display=swap');,fontFamily: { serif: ['Bodoni Moda', 'serif'], sans: ['Jost', 'sans-serif'] },Bodoni's high contrast elegance. Jost for geometric body.
51,dashboard;medical,analytics;admin-panel;data-visualization;patient-portal;wellness-app,Tech/HUD Mono,Mono + Mono,Share Tech Mono,Fira Code,tech, futuristic, hud, sci-fi, data, monospaced, precise,Sci-fi interfaces, developer tools, cybersecurity, dashboards,https://fonts.google.com/share?selection.family=Fira+Code:wght@300;400;500;600;700|Share+Tech+Mono,@import url('https://fonts.googleapis.com/css2?family=Fira+Code:wght@300;400;500;600;700&family=Share+Tech+Mono&display=swap');,fontFamily: { hud: ['Share Tech Mono', 'monospace'], code: ['Fira Code', 'monospace'] },Share Tech Mono has that classic sci-fi look.
52,marketing;portfolio,landing-page;hero-section;design-portfolio;creative-studio,Pixel Retro,Display + Sans,Press Start 2P,VT323,pixel, retro, gaming, 8-bit, nostalgic, arcade,Pixel art games, retro websites, creative portfolios,https://fonts.google.com/share?selection.family=Press+Start+2P|VT323,@import url('https://fonts.googleapis.com/css2?family=Press+Start+2P&family=VT323&display=swap');,fontFamily: { pixel: ['Press Start 2P', 'cursive'], terminal: ['VT323', 'monospace'] },Press Start 2P is very wide/large. VT323 is better for body text.
53,marketing,landing-page;hero-section,Neubrutalist Bold,Display + Sans,Lexend Mega,Public Sans,bold, neubrutalist, loud, strong, geometric, quirky,Neubrutalist designs, Gen Z brands, bold marketing,https://fonts.google.com/share?selection.family=Lexend+Mega:wght@100..900|Public+Sans:wght@100..900,@import url('https://fonts.googleapis.com/css2?family=Lexend+Mega:wght@100..900&family=Public+Sans:wght@100..900&display=swap');,fontFamily: { mega: ['Lexend Mega', 'sans-serif'], body: ['Public Sans', 'sans-serif'] },Lexend Mega has distinct character and variable weight.
54,saas;portfolio;education,web-app;creative-studio;lms;online-course;student-portal,Academic/Archival,Serif + Serif,EB Garamond,Crimson Text,academic, old-school, university, research, serious, traditional,University sites, archives, research papers, history,https://fonts.google.com/share?selection.family=Crimson+Text:wght@400;600;700|EB+Garamond:wght@400;500;600;700;800,@import url('https://fonts.googleapis.com/css2?family=Crimson+Text:wght@400;600;700&family=EB+Garamond:wght@400;500;600;700;800&display=swap');,fontFamily: { classic: ['EB Garamond', 'serif'], text: ['Crimson Text', 'serif'] },Classic academic aesthetic. Very legible.
55,medical,patient-portal;wellness-app,Spatial Clear,Sans + Sans,Inter,Inter,spatial, legible, glass, system, clean, neutral,Spatial computing, AR/VR, glassmorphism interfaces,https://fonts.google.com/share?selection.family=Inter:wght@300;400;500;600,@import url('https://fonts.googleapis.com/css2?family=Inter:wght@300;400;500;600&display=swap');,fontFamily: { sans: ['Inter', 'sans-serif'] },Optimized for readability on dynamic backgrounds.
56,saas;portfolio,web-app;creative-studio,Kinetic Motion,Display + Mono,Syncopate,Space Mono,kinetic, motion, futuristic, speed, wide, tech,Music festivals, automotive, high-energy brands,https://fonts.google.com/share?selection.family=Space+Mono:wght@400;700|Syncopate:wght@400;700,@import url('https://fonts.googleapis.com/css2?family=Space+Mono:wght@400;700&family=Syncopate:wght@400;700&display=swap');,fontFamily: { display: ['Syncopate', 'sans-serif'], mono: ['Space Mono', 'monospace'] },Syncopate's wide stance works well with motion effects.
57,marketing,landing-page;hero-section,Gen Z Brutal,Display + Sans,Anton,Epilogue,brutal, loud, shouty, meme, internet, bold,Gen Z marketing, streetwear, viral campaigns,https://fonts.google.com/share?selection.family=Anton|Epilogue:wght@400;500;600;700,@import url('https://fonts.googleapis.com/css2?family=Anton&family=Epilogue:wght@400;500;600;700&display=swap');,fontFamily: { display: ['Anton', 'sans-serif'], body: ['Epilogue', 'sans-serif'] },Anton is impactful and condensed. Good for stickers/badges.,
58,marketing;medical,landing-page;hero-section;patient-portal;wellness-app,Bold Condensed,Sans + Sans,Roboto Condensed,Cabin,bold, compact, modern, efficient, space-saving, clean,Landing pages, marketing sites, mobile-first designs, modern agencies,https://fonts.google.com/share?selection.family=Cabin:wght@400;500;600;700|Roboto+Condensed:wght@400;700,@import url('https://fonts.googleapis.com/css2?family=Cabin:wght@400;500;600;700&family=Roboto+Condensed:wght@400;700&display=swap');,fontFamily: { heading: ['Roboto Condensed', 'sans-serif'], body: ['Cabin', 'sans-serif'] },Condensed headlines save space. Cabin provides warmth for body.
59,medical;education;nonprofit,patient-portal;wellness-app;lms;training-platform;student-portal;charity-site;ngo-site;volunteer-platform,Light Wellness,Sans + Sans,Raleway,Open Sans,light, airy, open, clean, accessible, friendly,Healthcare, wellness apps, nonprofit, education, accessibility-focused sites,https://fonts.google.com/share?selection.family=Open+Sans:wght@300;400;500;600;700|Raleway:wght@300;400;500;600;700,@import url('https://fonts.googleapis.com/css2?family=Open+Sans:wght@300;400;500;600;700&family=Raleway:wght@300;400;500;600;700&display=swap');,fontFamily: { heading: ['Raleway', 'sans-serif'], body: ['Open Sans', 'sans-serif'] },Both highly readable. Excellent for long-form content.
60,marketing;blog;travel,landing-page;hero-section;blog;editorial;article;travel-blog;tour-operator;vacation-rental,Editorial Mix,Serif + Sans,Playfair Display,Source Sans,editorial, balanced, professional, readable, publishing, content-rich,Blogs, online magazines, content marketing, editorial sites,https://fonts.google.com/share?selection.family=Playfair+Display:wght@400;500;600;700|Source+Sans+3:wght@300;400;500;600;700,@import url('https://fonts.googleapis.com/css2?family=Playfair+Display:wght@400;500;600;700&family=Source+Sans+3:wght@300;400;500;600;700&display=swap');,fontFamily: { serif: ['Playfair Display', 'serif'], sans: ['Source Sans 3', 'sans-serif'] },Classic editorial pairing. Playfair for impact, Source Sans for clarity.
61,blog;portfolio,blog;editorial;article;design-portfolio;creative-studio,Modern Organic,Sans + Serif,Roboto,Lora,modern, organic, balanced, readable, versatile, professional,General purpose, portfolios, blogs, business sites, versatile projects,https://fonts.google.com/share?selection.family=Lora:wght@400;500;600;700|Roboto:wght@300;400;500;600;700,@import url('https://fonts.googleapis.com/css2?family=Lora:wght@400;500;600;700&family=Roboto:wght@300;400;500;600;700&display=swap');,fontFamily: { sans: ['Roboto', 'sans-serif'], serif: ['Lora', 'serif'] },Roboto's neutrality with Lora's warmth. Highly versatile pairing.
62,marketing;ecommerce;portfolio,landing-page;hero-section;storefront;product-grid;design-portfolio;creative-studio,Statement Maker,Display + Sans,Abril Fatface,Poppins,bold, dramatic, high-impact, attention-grabbing, modern, striking,Event pages, marketing campaigns, creative portfolios, product launches,https://fonts.google.com/share?selection.family=Abril+Fatface|Poppins:wght@300;400;500;600;700,@import url('https://fonts.googleapis.com/css2?family=Abril+Fatface&family=Poppins:wght@300;400;500;600;700&display=swap');,fontFamily: { display: ['Abril Fatface', 'serif'], body: ['Poppins', 'sans-serif'] },Abril only for large headlines. Poppins provides friendly readability.
63,saas;industrial,web-app;productivity-tool;iot-control-panel;monitoring-system,Tech Professional,Sans + Serif,Ruda,Roboto Slab,technical, sturdy, professional, grounded, reliable, corporate,Tech companies, engineering firms, industrial design, B2B services,https://fonts.google.com/share?selection.family=Roboto+Slab:wght@300;400;500;700|Ruda:wght@400;500;600;700,@import url('https://fonts.googleapis.com/css2?family=Roboto+Slab:wght@300;400;500;700&family=Ruda:wght@400;500;600;700&display=swap');,fontFamily: { heading: ['Ruda', 'sans-serif'], body: ['Roboto Slab', 'serif'] },Unique pairing with sans heading and slab body. Sturdy and reliable.
64,blog,blog;editorial;article,Refined Editorial,Serif + Sans,Cormorant Garamond,Fira Sans,refined, classic, editorial, elegant, literary, sophisticated,Publishing, literary journals, book sites, cultural organizations,https://fonts.google.com/share?selection.family=Cormorant+Garamond:wght@400;500;600;700|Fira+Sans:wght@300;400;500;600;700,@import url('https://fonts.googleapis.com/css2?family=Cormorant+Garamond:wght@400;500;600;700&family=Fira+Sans:wght@300;400;500;600;700&display=swap');,fontFamily: { serif: ['Cormorant Garamond', 'serif'], sans: ['Fira Sans', 'sans-serif'] },Cormorant's elegance with Fira's technical precision.
65,marketing;portfolio,landing-page;hero-section;design-portfolio;creative-studio,Inverted Classic,Sans + Serif,PT Sans,Playfair Display,reversed, unconventional, elegant, readable, creative, unique,Creative portfolios, design studios, unconventional brands,https://fonts.google.com/share?selection.family=PT+Sans:wght@400;700|Playfair+Display:wght@400;500;600;700,@import url('https://fonts.googleapis.com/css2?family=PT+Sans:wght@400;700&family=Playfair+Display:wght@400;500;600;700&display=swap');,fontFamily: { heading: ['PT Sans', 'sans-serif'], body: ['Playfair Display', 'serif'] },Unusual reversal: sans heading with serif body. Creates unique hierarchy.
66,saas;industrial,web-app;productivity-tool;iot-control-panel;monitoring-system,Neutral Tech,Sans + Serif,Roboto,Cambo,neutral, technical, balanced, clean, professional, simple,Tech documentation, corporate sites, professional services, SaaS,https://fonts.google.com/share?selection.family=Cambo|Roboto:wght@300;400;500;700,@import url('https://fonts.googleapis.com/css2?family=Cambo&family=Roboto:wght@300;400;500;700&display=swap');,fontFamily: { sans: ['Roboto', 'sans-serif'], serif: ['Cambo', 'serif'] },Roboto's neutrality with Cambo's traditional serif warmth.
67,blog;nonprofit,blog;editorial;article;government-portal;public-service;charity-site,Clean Readable,Sans + Serif,Oxygen,Noto Serif,clean, readable, international, accessible, neutral, universal,International sites, multilingual content, accessibility-focused, government,https://fonts.google.com/share?selection.family=Noto+Serif:wght@400;700|Oxygen:wght@300;400;700,@import url('https://fonts.googleapis.com/css2?family=Noto+Serif:wght@400;700&family=Oxygen:wght@300;400;700&display=swap');,fontFamily: { sans: ['Oxygen', 'sans-serif'], serif: ['Noto Serif', 'serif'] },Both highly legible. Excellent for global audiences.
68,saas;blog,web-app;productivity-tool;blog;editorial;article,Slab Harmony,Serif + Sans,Arvo,Lato,sturdy, geometric, balanced, friendly, approachable, modern,Blogs, small business sites, startups, general purpose, presentations,https://fonts.google.com/share?selection.family=Arvo:wght@400;700|Lato:wght@300;400;700,@import url('https://fonts.googleapis.com/css2?family=Arvo:wght@400;700&family=Lato:wght@300;400;700&display=swap');,fontFamily: { serif: ['Arvo', 'serif'], sans: ['Lato', 'sans-serif'] },Arvo's geometric slab with Lato's humanist warmth.
69,dashboard,analytics;admin-panel;data-visualization,Sans Inversion,Sans + Sans,Lato,Catamaran,clean, modern, layered, geometric, simple, versatile,General purpose, apps, dashboards, modern brands, flexible projects,https://fonts.google.com/share?selection.family=Catamaran:wght@300;400;500;600;700|Lato:wght@300;400;700,@import url('https://fonts.googleapis.com/css2?family=Catamaran:wght@300;400;500;600;700&family=Lato:wght@300;400;700&display=swap');,fontFamily: { heading: ['Lato', 'sans-serif'], body: ['Catamaran', 'sans-serif'] },Both sans but different character. Lato humanist, Catamaran geometric.
70,blog,blog;editorial;article,Content Rich,Serif + Sans,Merriweather,Mulish,content-focused, readable, modern, balanced, editorial, friendly,Content-heavy sites, blogs, online magazines, news sites, journalism,https://fonts.google.com/share?selection.family=Merriweather:wght@300;400;700|Mulish:wght@300;400;500;600;700,@import url('https://fonts.googleapis.com/css2?family=Merriweather:wght@300;400;700&family=Mulish:wght@300;400;500;600;700&display=swap');,fontFamily: { serif: ['Merriweather', 'serif'], sans: ['Mulish', 'sans-serif'] },Merriweather designed for screens. Mulish adds modern polish.
71,blog,blog;editorial;article,Bitter Contrast,Sans + Serif,PT Sans,Bitter,sharp, contrast, editorial, readable, distinctive, bold,Editorial sites, blogs, magazines, content platforms, journalism,https://fonts.google.com/share?selection.family=Bitter:wght@300;400;700|PT+Sans:wght@400;700,@import url('https://fonts.googleapis.com/css2?family=Bitter:wght@300;400;700&family=PT+Sans:wght@400;700&display=swap');,fontFamily: { heading: ['PT Sans', 'sans-serif'], body: ['Bitter', 'serif'] },PT Sans clarity with Bitter's distinctive slab serif character.
72,portfolio,design-portfolio;creative-studio,Elegant Unique,Serif + Sans,Cinzel,Fauna One,elegant, unique, distinctive, refined, artistic, sophisticated,Art galleries, museums, cultural sites, luxury brands, artistic portfolios,https://fonts.google.com/share?selection.family=Cinzel:wght@400;500;600;700|Fauna+One,@import url('https://fonts.googleapis.com/css2?family=Cinzel:wght@400;500;600;700&family=Fauna+One&display=swap');,fontFamily: { serif: ['Cinzel', 'serif'], sans: ['Fauna One', 'sans-serif'] },Cinzel's Roman capitals with Fauna's organic warmth.
73,saas;portfolio,web-app;creative-studio,Old Meets New,Serif + Sans,Old Standard TT,Rubik,traditional, modern, contrast, balanced, versatile, timeless,Heritage brands, cultural institutions, modern businesses with history,https://fonts.google.com/share?selection.family=Old+Standard+TT:wght@400;700|Rubik:wght@300;400;500;600;700,@import url('https://fonts.googleapis.com/css2?family=Old+Standard+TT:wght@400;700&family=Rubik:wght@300;400;500;600;700&display=swap');,fontFamily: { serif: ['Old Standard TT', 'serif'], sans: ['Rubik', 'sans-serif'] },Classic Old Standard with modern rounded Rubik. Nice contrast.
74,saas,web-app;productivity-tool,Geometric Clean,Sans + Sans,Work Sans,Open Sans,geometric, clean, modern, professional, versatile, neutral,Corporate sites, SaaS, business apps, professional services, B2B,https://fonts.google.com/share?selection.family=Open+Sans:wght@300;400;500;600;700|Work+Sans:wght@300;400;500;600;700,@import url('https://fonts.googleapis.com/css2?family=Open+Sans:wght@300;400;500;600;700&family=Work+Sans:wght@300;400;500;600;700&display=swap');,fontFamily: { heading: ['Work Sans', 'sans-serif'], body: ['Open Sans', 'sans-serif'] },Both highly versatile sans. Work Sans slightly more geometric.
75,blog,blog;editorial;article,Modern Serif Pair,Sans + Serif,Questrial,Alegreya,modern, readable, balanced, literary, sophisticated, editorial,Literary sites, publishing, content-rich sites, cultural organizations,https://fonts.google.com/share?selection.family=Alegreya:wght@400;500;700|Questrial,@import url('https://fonts.googleapis.com/css2?family=Alegreya:wght@400;500;700&family=Questrial&display=swap');,fontFamily: { sans: ['Questrial', 'sans-serif'], serif: ['Alegreya', 'serif'] },Questrial's modern simplicity with Alegreya's humanist serif.
76,blog,blog;editorial;article,Editorial Bold,Sans + Serif,Oswald,Quattrocento,bold, editorial, strong, readable, impactful, traditional,News sites, editorial content, journalism, content platforms, publishing,https://fonts.google.com/share?selection.family=Oswald:wght@300;400;500;600;700|Quattrocento:wght@400;700,@import url('https://fonts.googleapis.com/css2?family=Oswald:wght@300;400;500;600;700&family=Quattrocento:wght@400;700&display=swap');,fontFamily: { heading: ['Oswald', 'sans-serif'], body: ['Quattrocento', 'serif'] },Oswald's condensed impact with Quattrocento's classical readability.
77,blog;medical;education;social,blog;editorial;article;patient-portal;wellness-app;classroom-tool;student-portal;tutoring-app;social-network;community-forum;group-platform,Rounded Friendly,Sans + Sans,Nunito,PT Sans,rounded, friendly, approachable, warm, soft, welcoming,Children's content, friendly brands, community sites, education, wellness,https://fonts.google.com/share?selection.family=Nunito:wght@300;400;500;600;700|PT+Sans:wght@400;700,@import url('https://fonts.googleapis.com/css2?family=Nunito:wght@300;400;500;600;700&family=PT+Sans:wght@400;700&display=swap');,fontFamily: { heading: ['Nunito', 'sans-serif'], body: ['PT Sans', 'sans-serif'] },Nunito's rounded warmth with PT Sans' clean readability.
78,marketing;blog;portfolio,landing-page;hero-section;blog;editorial;article;design-portfolio;creative-studio,Distinctive Editorial,Display + Serif,Unica One,Crimson Text,distinctive, bold, editorial, impactful, literary, unique,Editorial sites, creative portfolios, distinctive brands, publishing,https://fonts.google.com/share?selection.family=Crimson+Text:wght@400;600;700|Unica+One,@import url('https://fonts.googleapis.com/css2?family=Crimson+Text:wght@400;600;700&family=Unica+One&display=swap');,fontFamily: { display: ['Unica One', 'sans-serif'], serif: ['Crimson Text', 'serif'] },Unica One's narrow boldness with Crimson's classic readability.
79,portfolio,design-portfolio;creative-studio,Geometric Minimal,Display + Sans,Julius Sans One,Monda,minimal, geometric, clean, modern, simple, architectural,Architecture firms, minimal brands, modern design studios, portfolios,https://fonts.google.com/share?selection.family=Julius+Sans+One|Monda:wght@400;700,@import url('https://fonts.googleapis.com/css2?family=Julius+Sans+One&family=Monda:wght@400;700&display=swap');,fontFamily: { display: ['Julius Sans One', 'sans-serif'], sans: ['Monda', 'sans-serif'] },Both geometric. Julius all-caps for headlines only. Monda for body.
80,blog,blog;editorial;article,Soft Readable,Sans + Serif,Varela Round,Noto Serif,soft, rounded, friendly, readable, approachable, balanced,General purpose, friendly brands, education, community sites, blogs,https://fonts.google.com/share?selection.family=Noto+Serif:wght@400;700|Varela+Round,@import url('https://fonts.googleapis.com/css2?family=Noto+Serif:wght@400;700&family=Varela+Round&display=swap');,fontFamily: { sans: ['Varela Round', 'sans-serif'], serif: ['Noto Serif', 'serif'] },Varela's soft rounds with Noto Serif's universal readability.
81,blog,blog;editorial;article,Classic Contrast,Serif + Sans,Vollkorn,Raleway,classic, elegant, contrast, refined, sophisticated, editorial,Publishing, editorial sites, literary content, sophisticated brands,https://fonts.google.com/share?selection.family=Raleway:wght@300;400;500;600;700|Vollkorn:wght@400;500;600;700,@import url('https://fonts.googleapis.com/css2?family=Raleway:wght@300;400;500;600;700&family=Vollkorn:wght@400;500;600;700&display=swap');,fontFamily: { serif: ['Vollkorn', 'serif'], sans: ['Raleway', 'sans-serif'] },Vollkorn's German tradition with Raleway's elegant simplicity.
82,saas;portfolio,web-app;creative-studio,Refined Traditional,Serif + Sans,Ovo,Quattrocento Sans,refined, traditional, readable, balanced, sophisticated, clean,Professional services, law firms, traditional businesses, corporate sites,https://fonts.google.com/share?selection.family=Ovo|Quattrocento+Sans:wght@400;700,@import url('https://fonts.googleapis.com/css2?family=Ovo&family=Quattrocento+Sans:wght@400;700&display=swap');,fontFamily: { serif: ['Ovo', 'serif'], sans: ['Quattrocento Sans', 'sans-serif'] },Ovo's high contrast with Quattrocento Sans' clean readability.
83,marketing;portfolio,landing-page;hero-section;design-portfolio;creative-studio,Handwritten Bold,Display + Sans,Permanent Marker,Overpass,bold, handwritten, casual, creative, informal, playful,Creative agencies, casual brands, youth marketing, fun projects,https://fonts.google.com/share?selection.family=Overpass:wght@300;400;600;700|Permanent+Marker,@import url('https://fonts.googleapis.com/css2?family=Overpass:wght@300;400;600;700&family=Permanent+Marker&display=swap');,fontFamily: { display: ['Permanent Marker', 'cursive'], sans: ['Overpass', 'sans-serif'] },Permanent Marker for accents only. Overpass provides clean contrast.
84,industrial,iot-control-panel;monitoring-system,Ubuntu Professional,Sans + Sans,Ubuntu,Open Sans,professional, open, friendly, technical, accessible, neutral,Tech companies, open source projects, Linux-related, professional services,https://fonts.google.com/share?selection.family=Open+Sans:wght@300;400;500;600;700|Ubuntu:wght@300;400;500;700,@import url('https://fonts.googleapis.com/css2?family=Open+Sans:wght@300;400;500;600;700&family=Ubuntu:wght@300;400;500;700&display=swap');,fontFamily: { heading: ['Ubuntu', 'sans-serif'], body: ['Open Sans', 'sans-serif'] },Ubuntu's technical warmth with Open Sans' universal readability.
85,saas;industrial,web-app;productivity-tool;iot-control-panel;monitoring-system,Technical Clean,Sans + Sans,Source Sans Pro,Sintony,technical, clean, precise, modern, professional, functional,Tech documentation, SaaS, developer tools, technical writing, software,https://fonts.google.com/share?selection.family=Sintony:wght@400;700|Source+Sans+3:wght@300;400;600;700,@import url('https://fonts.googleapis.com/css2?family=Sintony:wght@400;700&family=Source+Sans+3:wght@300;400;600;700&display=swap');,fontFamily: { heading: ['Source Sans 3', 'sans-serif'], body: ['Sintony', 'sans-serif'] },Both technical and clean. Excellent for developer-focused content.
86,blog,blog;editorial;article,Screen Optimized,Serif + Sans,Slabo,Lato,screen-optimized, readable, balanced, clean, functional, accessible,Blogs, long-form content, reading-focused sites, editorial platforms,https://fonts.google.com/share?selection.family=Lato:wght@300;400;700|Slabo+13px,@import url('https://fonts.googleapis.com/css2?family=Lato:wght@300;400;700&family=Slabo+13px&display=swap');,fontFamily: { serif: ['Slabo 13px', 'serif'], sans: ['Lato', 'sans-serif'] },Slabo designed for small screen sizes. Highly readable pairing.
87,blog,blog;editorial;article,Traditional Serif,Serif + Serif,Rufina,PT Serif,traditional, serif, elegant, literary, refined, book-like,Publishing, literary sites, traditional businesses, book-related projects,https://fonts.google.com/share?selection.family=PT+Serif:wght@400;700|Rufina:wght@400;700,@import url('https://fonts.googleapis.com/css2?family=PT+Serif:wght@400;700&family=Rufina:wght@400;700&display=swap');,fontFamily: { heading: ['Rufina', 'serif'], body: ['PT Serif', 'serif'] },All-serif pairing. Rufina's elegance with PT Serif's readability.
88,saas;industrial,web-app;productivity-tool;iot-control-panel;monitoring-system,Rounded Modern,Sans + Sans,Dosis,Titillium Web,rounded, modern, geometric, clean, technical, friendly,Tech companies, modern brands, SaaS, startups, contemporary designs,https://fonts.google.com/share?selection.family=Dosis:wght@300;400;500;600;700|Titillium+Web:wght@300;400;600;700,@import url('https://fonts.googleapis.com/css2?family=Dosis:wght@300;400;500;600;700&family=Titillium+Web:wght@300;400;600;700&display=swap');,fontFamily: { heading: ['Dosis', 'sans-serif'], body: ['Titillium Web', 'sans-serif'] },Dosis' geometric rounds with Titillium's technical precision.
89,blog,blog;editorial;article,Bold Traditional,Sans + Serif,Oswald,Esteban,bold, traditional, contrast, impactful, readable, strong,News sites, editorial content, traditional businesses, strong brands,https://fonts.google.com/share?selection.family=Esteban|Oswald:wght@300;400;500;600;700,@import url('https://fonts.googleapis.com/css2?family=Esteban&family=Oswald:wght@300;400;500;600;700&display=swap');,fontFamily: { heading: ['Oswald', 'sans-serif'], body: ['Esteban', 'serif'] },Oswald's condensed power with Esteban's traditional warmth.
90,blog;education,blog;editorial;article;lms;online-course;student-portal,Classic Friendly,Serif + Sans,Libre Baskerville,Nunito,classic, friendly, balanced, approachable, readable, warm,General purpose, friendly brands, community sites, education, blogs,https://fonts.google.com/share?selection.family=Libre+Baskerville:wght@400;700|Nunito:wght@300;400;500;600;700,@import url('https://fonts.googleapis.com/css2?family=Libre+Baskerville:wght@400;700&family=Nunito:wght@300;400;500;600;700&display=swap');,fontFamily: { serif: ['Libre Baskerville', 'serif'], sans: ['Nunito', 'sans-serif'] },Baskerville's tradition with Nunito's friendly rounds.
91,saas,web-app;productivity-tool,Modern Contrast,Sans + Sans,Catamaran,Merriweather Sans,modern, contrast, layered, geometric, clean, contemporary,Tech companies, startups, modern brands, contemporary designs, apps,https://fonts.google.com/share?selection.family=Catamaran:wght@400;600;700|Merriweather+Sans:wght@300;400;700,@import url('https://fonts.googleapis.com/css2?family=Catamaran:wght@400;600;700&family=Merriweather+Sans:wght@300;400;700&display=swap');,fontFamily: { heading: ['Catamaran', 'sans-serif'], body: ['Merriweather Sans', 'sans-serif'] },Both modern sans with different character for visual hierarchy.
92,blog,blog;editorial;article,Slab Editorial,Serif + Serif,Bree Serif,Alegreya,friendly, editorial, readable, warm, approachable, literary,Blogs, editorial sites, friendly brands, publishing, content platforms,https://fonts.google.com/share?selection.family=Alegreya:wght@400;500;700|Bree+Serif,@import url('https://fonts.googleapis.com/css2?family=Alegreya:wght@400;500;700&family=Bree+Serif&display=swap');,fontFamily: { display: ['Bree Serif', 'serif'], serif: ['Alegreya', 'serif'] },Bree's friendly slab with Alegreya's humanist serif.
93,blog,blog;editorial;article,Professional Literary,Serif + Sans,Cardo,Libre Franklin,professional, literary, clean, readable, sophisticated, balanced,Publishing, professional writing, literary sites, editorial content,https://fonts.google.com/share?selection.family=Cardo:wght@400;700|Libre+Franklin:wght@300;400;500;600;700,@import url('https://fonts.googleapis.com/css2?family=Cardo:wght@400;700&family=Libre+Franklin:wght@300;400;500;600;700&display=swap');,fontFamily: { serif: ['Cardo', 'serif'], sans: ['Libre Franklin', 'sans-serif'] },Cardo's literary character with Franklin's clean professionalism.
94,blog;portfolio,blog;editorial;article;design-portfolio;creative-studio,Subtle Modern,Sans + Serif,Istok Web,Average,subtle, modern, balanced, readable, neutral, clean,General purpose, blogs, business sites, professional services, portfolios,https://fonts.google.com/share?selection.family=Average|Istok+Web:wght@400;700,@import url('https://fonts.googleapis.com/css2?family=Average&family=Istok+Web:wght@400;700&display=swap');,fontFamily: { sans: ['Istok Web', 'sans-serif'], serif: ['Average', 'serif'] },Both subtle and balanced. Excellent for understated designs.
95,blog;portfolio,blog;editorial;article;design-portfolio;creative-studio,Versatile Balance,Sans + Serif,Roboto,Libre Baskerville,versatile, balanced, professional, readable, classic-modern, reliable,General purpose, business sites, portfolios, professional services, blogs,https://fonts.google.com/share?selection.family=Libre+Baskerville:wght@400;700|Roboto:wght@300;400;500;700,@import url('https://fonts.googleapis.com/css2?family=Libre+Baskerville:wght@400;700&family=Roboto:wght@300;400;500;700&display=swap');,fontFamily: { sans: ['Roboto', 'sans-serif'], serif: ['Libre Baskerville', 'serif'] },Roboto's versatility with Libre Baskerville's classic elegance.
96,blog,blog;editorial;article,Vintage Book,Serif + Sans,Goudy Bookletter,Average Sans,vintage, book-like, traditional, readable, classic, literary,Book sites, literary projects, vintage brands, traditional publishing,https://fonts.google.com/share?selection.family=Average+Sans|Goudy+Bookletter+1911,@import url('https://fonts.googleapis.com/css2?family=Average+Sans&family=Goudy+Bookletter+1911&display=swap');,fontFamily: { serif: ['Goudy Bookletter 1911', 'serif'], sans: ['Average Sans', 'sans-serif'] },Goudy's vintage book feel with Average Sans' clean simplicity.
97,marketing,landing-page;hero-section,Strong Classic,Display + Serif,Alfa Slab One,Gentium Book Basic,strong, bold, impactful, classic, powerful, commanding,Headlines, marketing sites, strong brands, impactful messaging,https://fonts.google.com/share?selection.family=Alfa+Slab+One|Gentium+Book+Plus:wght@400;700,@import url('https://fonts.googleapis.com/css2?family=Alfa+Slab+One&family=Gentium+Book+Plus:wght@400;700&display=swap');,fontFamily: { display: ['Alfa Slab One', 'serif'], serif: ['Gentium Book Plus', 'serif'] },Alfa Slab for massive headlines only. Gentium for readable body.
98,blog,blog;editorial;article,Elegant Hebrew,Sans + Serif,Raleway,Frank Ruhl Libre,elegant, multilingual, international, refined, readable, sophisticated,Hebrew sites, multilingual content, international projects, cultural sites,https://fonts.google.com/share?selection.family=Frank+Ruhl+Libre:wght@400;500;700|Raleway:wght@300;400;500;600;700,@import url('https://fonts.googleapis.com/css2?family=Frank+Ruhl+Libre:wght@400;500;700&family=Raleway:wght@300;400;500;600;700&display=swap');,fontFamily: { sans: ['Raleway', 'sans-serif'], serif: ['Frank Ruhl Libre', 'serif'] },Frank Ruhl has Hebrew support. Raleway provides elegant sans.
99,portfolio,design-portfolio;creative-studio,Refined Simple,Serif + Sans,Prata,Lato,refined, simple, elegant, clean, sophisticated, minimal,Luxury brands, refined designs, minimal sites, sophisticated portfolios,https://fonts.google.com/share?selection.family=Lato:wght@300;400;700|Prata,@import url('https://fonts.googleapis.com/css2?family=Lato:wght@300;400;700&family=Prata&display=swap');,fontFamily: { serif: ['Prata', 'serif'], sans: ['Lato', 'sans-serif'] },Prata's high-contrast elegance with Lato's friendly neutrality.
100,marketing;portfolio,landing-page;hero-section;design-portfolio;creative-studio,Bold Decorative,Display + Serif,Shrikhand,Fanwood Text,bold, decorative, distinctive, unique, impactful, eye-catching,Creative brands, bold marketing, distinctive projects, cultural events,https://fonts.google.com/share?selection.family=Fanwood+Text:wght@400;700|Shrikhand,@import url('https://fonts.googleapis.com/css2?family=Fanwood+Text:wght@400;700&family=Shrikhand&display=swap');,fontFamily: { display: ['Shrikhand', 'display'], serif: ['Fanwood Text', 'serif'] },Shrikhand's bold display character for headlines. Fanwood for body.
101,blog,blog;editorial;article,Sharp Editorial,Serif + Serif,Eczar,Merriweather,sharp, editorial, distinctive, readable, modern-traditional, literary,Editorial sites, publishing, blogs, content-rich sites, journalism,https://fonts.google.com/share?selection.family=Eczar:wght@400;600;700|Merriweather:wght@300;400;700,@import url('https://fonts.googleapis.com/css2?family=Eczar:wght@400;600;700&family=Merriweather:wght@300;400;700&display=swap');,fontFamily: { heading: ['Eczar', 'serif'], body: ['Merriweather', 'serif'] },All-serif. Eczar's sharp character with Merriweather's screen optimization.
102,blog,blog;editorial;article,Modern Literary,Sans + Serif,Chivo,Crimson Text,modern, literary, clean, readable, sophisticated, balanced,Publishing, editorial sites, literary content, sophisticated blogs,https://fonts.google.com/share?selection.family=Chivo:wght@300;400;700|Crimson+Text:wght@400;600;700,@import url('https://fonts.googleapis.com/css2?family=Chivo:wght@300;400;700&family=Crimson+Text:wght@400;600;700&display=swap');,fontFamily: { sans: ['Chivo', 'sans-serif'], serif: ['Crimson Text', 'serif'] },Chivo's modern grotesque with Crimson's classic readability.
103,marketing;portfolio,landing-page;hero-section;design-portfolio;creative-studio,Display Friendly,Display + Sans,Patua One,Maven Pro,display, friendly, bold, approachable, modern, distinctive,Marketing sites, friendly brands, creative projects, modern agencies,https://fonts.google.com/share?selection.family=Maven+Pro:wght@400;500;600;700|Patua+One,@import url('https://fonts.googleapis.com/css2?family=Maven+Pro:wght@400;500;600;700&family=Patua+One&display=swap');,fontFamily: { display: ['Patua One', 'display'], sans: ['Maven Pro', 'sans-serif'] },Patua One for impactful headlines. Maven Pro's clean friendliness.
104,saas;social,web-app;productivity-tool;social-network;social-feed;member-directory,Balanced Modern,Sans + Sans,Rubik,Karla,balanced, modern, clean, friendly, professional, versatile,General purpose, SaaS, business apps, modern brands, professional sites,https://fonts.google.com/share?selection.family=Karla:wght@300;400;500;600;700|Rubik:wght@300;400;500;600;700,@import url('https://fonts.googleapis.com/css2?family=Karla:wght@300;400;500;600;700&family=Rubik:wght@300;400;500;600;700&display=swap');,fontFamily: { heading: ['Rubik', 'sans-serif'], body: ['Karla', 'sans-serif'] },Rubik's rounded modernity with Karla's clean simplicity.
105,portfolio,design-portfolio;creative-studio,Elegant Minimal,Serif + Sans,Neuton,Work Sans,elegant, minimal, refined, clean, sophisticated, balanced,Minimal designs, elegant portfolios, refined brands, sophisticated sites,https://fonts.google.com/share?selection.family=Neuton:wght@300;400;700|Work+Sans:wght@300;400;500;600;700,@import url('https://fonts.googleapis.com/css2?family=Neuton:wght@300;400;700&family=Work+Sans:wght@300;400;500;600;700&display=swap');,fontFamily: { serif: ['Neuton', 'serif'], sans: ['Work Sans', 'sans-serif'] },Neuton's bookish elegance with Work Sans' geometric cleanliness.
106,marketing,landing-page;hero-section,Condensed Impact,Display + Sans,Anton,Signika,condensed, impactful, bold, strong, attention-grabbing, powerful,Marketing campaigns, event pages, bold brands, impactful messaging,https://fonts.google.com/share?selection.family=Anton|Signika:wght@300;400;600;700,@import url('https://fonts.googleapis.com/css2?family=Anton&family=Signika:wght@300;400;600;700&display=swap');,fontFamily: { display: ['Anton', 'sans-serif'], sans: ['Signika', 'sans-serif'] },Anton's ultra-condensed impact for headlines. Signika for readability.,
107,blog,blog;editorial;article,Classic Serif Duo,Serif + Serif,Playfair Display,Alice,classic, elegant, literary, traditional, sophisticated, refined,Publishing, book sites, literary magazines, sophisticated blogs, editorial,https://fonts.google.com/share?selection.family=Alice|Playfair+Display:wght@400;500;600;700,@import url('https://fonts.googleapis.com/css2?family=Alice&family=Playfair+Display:wght@400;500;600;700&display=swap');,fontFamily: { display: ['Playfair Display', 'serif'], body: ['Alice', 'serif'] },All-serif pairing. Playfair's drama with Alice's unique character.
108,saas;portfolio,web-app;creative-studio,Distinctive Classic,Serif + Sans,Lustria,Lato,classic, distinctive, refined, readable, sophisticated, balanced,Professional services, upscale brands, elegant websites, cultural sites,https://fonts.google.com/share?selection.family=Lato:wght@300;400;700|Lustria,@import url('https://fonts.googleapis.com/css2?family=Lato:wght@300;400;700&family=Lustria&display=swap');,fontFamily: { serif: ['Lustria', 'serif'], sans: ['Lato', 'sans-serif'] },Lustria brings distinctive elegance. Lato provides friendly readability.
109,blog,blog;editorial;article,European Editorial,Serif + Sans,Cormorant Garamond,Proza Libre,classic, editorial, European, literary, refined, sophisticated,Publishing, editorial sites, European brands, literary content, magazines,https://fonts.google.com/share?selection.family=Cormorant+Garamond:wght@400;500;600;700|Proza+Libre:wght@400;500;600,@import url('https://fonts.googleapis.com/css2?family=Cormorant+Garamond:wght@400;500;600;700&family=Proza+Libre:wght@400;500;600&display=swap');,fontFamily: { serif: ['Cormorant Garamond', 'serif'], sans: ['Proza Libre', 'sans-serif'] },Proza Libre is less common than typical sans. Fresh editorial feel.
110,blog,blog;editorial;article,Bold Editorial,Sans + Serif,Oswald,EB Garamond,classic, bold, editorial, strong, traditional, impactful,News sites, editorial content, traditional journalism, strong brands,https://fonts.google.com/share?selection.family=EB+Garamond:wght@400;500;600;700|Oswald:wght@300;400;500;600;700,@import url('https://fonts.googleapis.com/css2?family=EB+Garamond:wght@400;500;600;700&family=Oswald:wght@300;400;500;600;700&display=swap');,fontFamily: { heading: ['Oswald', 'sans-serif'], body: ['EB Garamond', 'serif'] },Oswald's condensed impact with EB Garamond's classical beauty.
111,marketing;ecommerce,landing-page;hero-section;storefront;product-grid,Script Romance,Script + Serif,Sacramento,Alice,elegant, romantic, script, wedding, invitation, feminine,Wedding sites, invitations, romantic brands, feminine products, events,https://fonts.google.com/share?selection.family=Alice|Sacramento,@import url('https://fonts.googleapis.com/css2?family=Alice&family=Sacramento&display=swap');,fontFamily: { script: ['Sacramento', 'cursive'], serif: ['Alice', 'serif'] },Sacramento for elegant script accents. Alice for readable body text.
112,marketing;ecommerce,landing-page;hero-section;storefront;product-grid,Russian Elegance,Display + Sans,Yeseva One,Josefin Sans,elegant, bold, distinctive, Russian, dramatic, sophisticated,Luxury brands, fashion, bold designs, Russian/Cyrillic sites, events,https://fonts.google.com/share?selection.family=Josefin+Sans:wght@300;400;500;600;700|Yeseva+One,@import url('https://fonts.googleapis.com/css2?family=Josefin+Sans:wght@300;400;500;600;700&family=Yeseva+One&display=swap');,fontFamily: { display: ['Yeseva One', 'serif'], sans: ['Josefin Sans', 'sans-serif'] },Yeseva One has Cyrillic support. Dramatic display with elegant sans.
113,saas;portfolio,web-app;creative-studio,Baskerville Modern,Serif + Sans,Libre Baskerville,Montserrat,elegant, versatile, balanced, classic-modern, professional, reliable,General purpose, business sites, professional services, versatile projects,https://fonts.google.com/share?selection.family=Libre+Baskerville:wght@400;700|Montserrat:wght@300;400;500;600;700,@import url('https://fonts.googleapis.com/css2?family=Libre+Baskerville:wght@400;700&family=Montserrat:wght@300;400;500;600;700&display=swap');,fontFamily: { serif: ['Libre Baskerville', 'serif'], sans: ['Montserrat', 'sans-serif'] },Highly versatile pairing. Classic Baskerville with modern Montserrat.
114,blog,blog;editorial;article,Screen Optimized,Serif + Sans,Spectral,Karla,elegant, screen-optimized, professional, readable, modern, balanced,Digital publications, screen-first content, professional blogs, apps,https://fonts.google.com/share?selection.family=Karla:wght@300;400;500;600;700|Spectral:wght@400;500;600;700,@import url('https://fonts.googleapis.com/css2?family=Karla:wght@300;400;500;600;700&family=Spectral:wght@400;500;600;700&display=swap');,fontFamily: { serif: ['Spectral', 'serif'], sans: ['Karla', 'sans-serif'] },Spectral designed specifically for screens. Excellent digital pairing.
115,blog,blog;editorial;article,Indian Typography,Serif + Sans,Halant,Nunito Sans,elegant, multilingual, Indian, Devanagari, refined, international,Indian sites, Devanagari content, multilingual projects, South Asian markets,https://fonts.google.com/share?selection.family=Halant:wght@400;500;600;700|Nunito+Sans:wght@300;400;500;600;700,@import url('https://fonts.googleapis.com/css2?family=Halant:wght@400;500;600;700&family=Nunito+Sans:wght@300;400;500;600;700&display=swap');,fontFamily: { serif: ['Halant', 'serif'], sans: ['Nunito Sans', 'sans-serif'] },Halant has excellent Devanagari support. Nunito Sans is friendly.
116,blog,blog;editorial;article,Modern International,Sans + Sans,Montserrat,Hind,modern, international, clean, accessible, multilingual, professional,International sites, Indian content, modern brands, multilingual platforms,https://fonts.google.com/share?selection.family=Hind:wght@300;400;500;600;700|Montserrat:wght@300;400;500;600;700,@import url('https://fonts.googleapis.com/css2?family=Hind:wght@300;400;500;600;700&family=Montserrat:wght@300;400;500;600;700&display=swap');,fontFamily: { heading: ['Montserrat', 'sans-serif'], body: ['Hind', 'sans-serif'] },Hind adds Devanagari support. Both modern and highly readable.
117,saas;portfolio,web-app;creative-studio,Classic Modern Mix,Sans + Serif,Montserrat,Cardo,modern, classic, balanced, versatile, professional, sophisticated,General purpose, professional services, versatile brands, balanced designs,https://fonts.google.com/share?selection.family=Cardo:wght@400;700|Montserrat:wght@300;400;500;600;700,@import url('https://fonts.googleapis.com/css2?family=Cardo:wght@400;700&family=Montserrat:wght@300;400;500;600;700&display=swap');,fontFamily: { sans: ['Montserrat', 'sans-serif'], serif: ['Cardo', 'serif'] },Modern geometric sans with classical serif. Nice tension.
118,saas;portfolio,web-app;creative-studio,Family Hierarchy,Sans + Sans,Open Sans,Open Sans Condensed,modern, clean, subtle, minimal, professional, unified,Corporate sites, clean designs, subtle hierarchy, professional services,https://fonts.google.com/share?selection.family=Open+Sans+Condensed:wght@300;700|Open+Sans:wght@300;400;500;600;700,@import url('https://fonts.googleapis.com/css2?family=Open+Sans+Condensed:wght@300;700&family=Open+Sans:wght@300;400;500;600;700&display=swap');,fontFamily: { heading: ['Open Sans', 'sans-serif'], body: ['Open Sans Condensed', 'sans-serif'] },Same family creates subtle visual hierarchy. Very cohesive.
119,blog;portfolio;industrial,blog;editorial;article;design-portfolio;creative-studio;iot-control-panel;monitoring-system,Code Creative,Sans + Mono,Karla,Inconsolata,creative, technical, code, developer, modern, techy,Developer portfolios, tech blogs, code-heavy sites, technical documentation,https://fonts.google.com/share?selection.family=Inconsolata:wght@400;700|Karla:wght@300;400;500;600;700,@import url('https://fonts.googleapis.com/css2?family=Inconsolata:wght@400;700&family=Karla:wght@300;400;500;600;700&display=swap');,fontFamily: { sans: ['Karla', 'sans-serif'], mono: ['Inconsolata', 'monospace'] },Sans heading with monospace body. Great for developer content.
120,marketing;portfolio,landing-page;hero-section;design-portfolio;creative-studio,Ultra Bold,Display + Serif,Ultra,Slabo 27px,creative, bold, impactful, dramatic, strong, eye-catching,Bold marketing, creative campaigns, attention-grabbing sites, posters,https://fonts.google.com/share?selection.family=Slabo+27px|Ultra,@import url('https://fonts.googleapis.com/css2?family=Slabo+27px&family=Ultra&display=swap');,fontFamily: { display: ['Ultra', 'serif'], serif: ['Slabo 27px', 'serif'] },Ultra is extremely bold. Slabo 27px for large-size readability.
121,marketing;portfolio,landing-page;hero-section;design-portfolio;creative-studio,Vintage Typewriter,Serif + Serif,Nixie One,Ledger,creative, vintage, typewriter, retro, distinctive, nostalgic,Vintage brands, retro designs, creative portfolios, nostalgic projects,https://fonts.google.com/share?selection.family=Ledger|Nixie+One,@import url('https://fonts.googleapis.com/css2?family=Ledger&family=Nixie+One&display=swap');,fontFamily: { heading: ['Nixie One', 'serif'], body: ['Ledger', 'serif'] },Both vintage serifs. Nixie One has typewriter feel. Very distinctive.
122,portfolio,design-portfolio;creative-studio,Ultra Wide Display,Display + Sans,Stint Ultra Expanded,Pontano Sans,creative, wide, expansive, unique, bold, architectural,Creative agencies, architectural sites, unique brands, bold designs,https://fonts.google.com/share?selection.family=Pontano+Sans:wght@300;400;500|Stint+Ultra+Expanded,@import url('https://fonts.googleapis.com/css2?family=Pontano+Sans:wght@300;400;500&family=Stint+Ultra+Expanded&display=swap');,fontFamily: { display: ['Stint Ultra Expanded', 'serif'], sans: ['Pontano Sans', 'sans-serif'] },Stint is extremely wide. Use sparingly. Pontano is clean and readable.
123,saas;portfolio,web-app;productivity-tool;design-portfolio;creative-studio,Quirky Modern,Sans + Sans,Philosopher,Muli,creative, quirky, modern, friendly, unique, approachable,Creative brands, quirky startups, unique projects, friendly apps,https://fonts.google.com/share?selection.family=Mulish:wght@300;400;500;600;700|Philosopher:wght@400;700,@import url('https://fonts.googleapis.com/css2?family=Mulish:wght@300;400;500;600;700&family=Philosopher:wght@400;700&display=swap');,fontFamily: { heading: ['Philosopher', 'sans-serif'], body: ['Mulish', 'sans-serif'] },Philosopher has quirky character. Muli (now Mulish) is friendly. Note: Muli renamed to Mulish.
124,saas;portfolio,web-app;creative-studio,Adobe Source Family,Sans + Serif,Source Sans 3,Source Serif 4,minimalist, professional, Adobe, cohesive, clean, balanced,Professional sites, clean designs, Adobe-style branding, minimal aesthetics,https://fonts.google.com/share?selection.family=Source+Sans+3:wght@300;400;500;600;700|Source+Serif+4:wght@400;500;600;700,@import url('https://fonts.googleapis.com/css2?family=Source+Sans+3:wght@300;400;500;600;700&family=Source+Serif+4:wght@400;500;600;700&display=swap');,fontFamily: { sans: ['Source Sans 3', 'sans-serif'], serif: ['Source Serif 4', 'serif'] },Same family (Adobe Source). Perfect harmony. Professional quality.
125,industrial,iot-control-panel;monitoring-system,Condensed Minimal,Sans + Sans,Fjalla One,Cantarell,minimalist, condensed, clean, GNOME, technical, modern,Tech sites, minimal designs, Linux/GNOME projects, modern brands,https://fonts.google.com/share?selection.family=Cantarell:wght@400;700|Fjalla+One,@import url('https://fonts.googleapis.com/css2?family=Cantarell:wght@400;700&family=Fjalla+One&display=swap');,fontFamily: { heading: ['Fjalla One', 'sans-serif'], body: ['Cantarell', 'sans-serif'] },Fjalla One is condensed sans. Cantarell is GNOME's UI font.
126,blog,blog;editorial;article,International Minimal,Sans + Sans,Hind,Open Sans,minimalist, international, accessible, clean, multilingual, readable,Multilingual sites, international brands, Devanagari content, accessible design,https://fonts.google.com/share?selection.family=Hind:wght@300;400;500;600;700|Open+Sans:wght@300;400;500;600;700,@import url('https://fonts.googleapis.com/css2?family=Hind:wght@300;400;500;600;700&family=Open+Sans:wght@300;400;500;600;700&display=swap');,fontFamily: { heading: ['Hind', 'sans-serif'], body: ['Open Sans', 'sans-serif'] },Hind adds Devanagari. Both extremely legible and accessible.,
127,blog;ecommerce,blog;editorial;article;storefront;product-grid,Iconic Classic,Serif + Sans,Playfair Display,Lato,classic, elegant, iconic, proven, editorial, sophisticated,Editorial sites, luxury brands, fashion blogs, magazines, proven use cases,https://fonts.google.com/share?selection.family=Lato:wght@300;400;700|Playfair+Display:wght@400;500;600;700,@import url('https://fonts.googleapis.com/css2?family=Lato:wght@300;400;700&family=Playfair+Display:wght@400;500;600;700&display=swap');,fontFamily: { serif: ['Playfair Display', 'serif'], sans: ['Lato', 'sans-serif'] },One of the most popular and proven pairings. Playfair + Lato is iconic.
128,marketing;ecommerce;portfolio,landing-page;hero-section;storefront;product-grid;design-portfolio;creative-studio,Modern Display Mix,Sans + Display,Inter,DM Serif Display,modern, distinctive, decorative, elegant, premium, contemporary,Design agencies, modern brands, premium products, creative portfolios,https://fonts.google.com/share?selection.family=DM+Serif+Display:wght@400;700|Inter:wght@300;400;500;600;700,@import url('https://fonts.googleapis.com/css2?family=DM+Serif+Display:wght@400;700&family=Inter:wght@300;400;500;600;700&display=swap');,fontFamily: { sans: ['Inter', 'sans-serif'], display: ['DM Serif Display', 'serif'] },Inter's neutrality balances DM Serif Display's decorative character.
129,blog,blog;editorial;article,Adobe Pro Duo,Sans + Serif,Source Sans 3,Spectral,professional, screen-optimized, Adobe-quality, editorial, refined, digital-first,Digital publications, editorial sites, professional content, screen-first design,https://fonts.google.com/share?selection.family=Source+Sans+3:wght@300;400;500;600;700|Spectral:wght@400;500;600;700,@import url('https://fonts.googleapis.com/css2?family=Source+Sans+3:wght@300;400;500;600;700&family=Spectral:wght@400;500;600;700&display=swap');,fontFamily: { sans: ['Source Sans 3', 'sans-serif'], serif: ['Spectral', 'serif'] },Both Adobe-quality fonts. Spectral specifically designed for screens.
130,blog,blog;editorial;article,Web Serif Body,Sans + Serif,Work Sans,Domine,editorial, robust, web-optimized, modern-traditional, balanced, readable,Long-form content, editorial platforms, blogs, content-rich sites,https://fonts.google.com/share?selection.family=Domine:wght@400;500;600;700|Work+Sans:wght@300;400;500;600;700,@import url('https://fonts.googleapis.com/css2?family=Domine:wght@400;500;600;700&family=Work+Sans:wght@300;400;500;600;700&display=swap');,fontFamily: { sans: ['Work Sans', 'sans-serif'], serif: ['Domine', 'serif'] },Domine is a robust serif optimized specifically for web reading.
131,marketing;portfolio,landing-page;hero-section;design-portfolio;creative-studio,Soft Bold Contrast,Sans + Sans,Oswald,Quicksand,bold, soft, contrasting, friendly, modern, dynamic,Creative projects, youth brands, friendly businesses, modern marketing,https://fonts.google.com/share?selection.family=Oswald:wght@300;400;500;600;700|Quicksand:wght@300;400;500;600;700,@import url('https://fonts.googleapis.com/css2?family=Oswald:wght@300;400;500;600;700&family=Quicksand:wght@300;400;500;600;700&display=swap');,fontFamily: { heading: ['Oswald', 'sans-serif'], body: ['Quicksand', 'sans-serif'] },Bold condensed headlines with soft rounded body creates unique tension.
132,saas;blog;industrial,web-app;productivity-tool;blog;editorial;article;iot-control-panel;monitoring-system,Serif Lead Versatile,Serif + Sans,Merriweather,Roboto,versatile, balanced, editorial-technical, reliable, readable, professional,General purpose, blogs, business sites, SaaS platforms, versatile projects,https://fonts.google.com/share?selection.family=Merriweather:wght@300;400;700|Roboto:wght@300;400;500;700,@import url('https://fonts.googleapis.com/css2?family=Merriweather:wght@300;400;700&family=Roboto:wght@300;400;500;700&display=swap');,fontFamily: { serif: ['Merriweather', 'serif'], sans: ['Roboto', 'sans-serif'] },Reversed pairing - serif heading + sans body. Highly versatile.
133,blog,blog;editorial;article,Literary Inversion,Sans + Serif,PT Sans,Libre Baskerville,literary, inverted, editorial, traditional-modern, thoughtful, balanced,Literary sites, editorial content, book blogs, publishing, education,https://fonts.google.com/share?selection.family=Libre+Baskerville:wght@400;700|PT+Sans:wght@400;700,@import url('https://fonts.googleapis.com/css2?family=Libre+Baskerville:wght@400;700&family=PT+Sans:wght@400;700&display=swap');,fontFamily: { sans: ['PT Sans', 'sans-serif'], serif: ['Libre Baskerville', 'serif'] },Inverted structure - clean sans heading with classical serif body text.
134,dashboard;saas;medical;industrial,analytics;admin-panel;data-visualization;web-app;productivity-tool;patient-portal;wellness-app;iot-control-panel;monitoring-system,Efficient Modern,Sans + Sans,Barlow Condensed,Work Sans,efficient, space-saving, modern, technical, compact, professional,Mobile-first sites, tech companies, startups, modern dashboards, SaaS,https://fonts.google.com/share?selection.family=Barlow+Condensed:wght@400;500;600;700|Work+Sans:wght@300;400;500;600;700,@import url('https://fonts.googleapis.com/css2?family=Barlow+Condensed:wght@400;500;600;700&family=Work+Sans:wght@300;400;500;600;700&display=swap');,fontFamily: { heading: ['Barlow Condensed', 'sans-serif'], body: ['Work Sans', 'sans-serif'] },Condensed headlines save space. Great for mobile-first, compact designs.
135,saas;ecommerce,web-app;productivity-tool;storefront;product-grid,IBM Professional,Sans + Serif,Libre Franklin,IBM Plex Serif,professional, tech-forward, quality, corporate, reliable, structured,SaaS products, tech companies, corporate sites, professional services,https://fonts.google.com/share?selection.family=IBM+Plex+Serif:wght@400;500;600;700|Libre+Franklin:wght@300;400;500;600;700,@import url('https://fonts.googleapis.com/css2?family=IBM+Plex+Serif:wght@400;500;600;700&family=Libre+Franklin:wght@300;400;500;600;700&display=swap');,fontFamily: { sans: ['Libre Franklin', 'sans-serif'], serif: ['IBM Plex Serif', 'serif'] },IBM Plex Serif is high-quality. Both fonts are professional-grade.
136,blog;ecommerce;portfolio,blog;editorial;article;storefront;product-grid;design-portfolio;creative-studio,Vintage Modern,Sans + Serif,Josefin Sans,EB Garamond,vintage-modern, elegant, geometric, classical, refined, creative,Fashion, lifestyle, artistic portfolios, creative brands, editorial,https://fonts.google.com/share?selection.family=EB+Garamond:wght@400;500;600;700|Josefin+Sans:wght@300;400;500;600;700,@import url('https://fonts.googleapis.com/css2?family=EB+Garamond:wght@400;500;600;700&family=Josefin+Sans:wght@300;400;500;600;700&display=swap');,fontFamily: { sans: ['Josefin Sans', 'sans-serif'], serif: ['EB Garamond', 'serif'] },Geometric sans heading + classical 16th-century serif body. Unique blend.
137,blog;portfolio;medical,blog;editorial;article;design-portfolio;creative-studio;patient-portal;wellness-app,Rounded Serif Invert,Sans + Serif,Varela Round,Lora,friendly, elegant, reversed, warm, approachable, sophisticated,Personal blogs, wellness, lifestyle brands, friendly businesses, creative,https://fonts.google.com/share?selection.family=Lora:wght@400;500;600;700|Varela+Round,@import url('https://fonts.googleapis.com/css2?family=Lora:wght@400;500;600;700&family=Varela+Round&display=swap');,fontFamily: { sans: ['Varela Round', 'sans-serif'], serif: ['Lora', 'serif'] },Reversed from common pairing. Rounded heading + serif body is unique.
138,blog,blog;editorial;article,Futuristic Editorial,Sans + Serif,Exo 2,Noto Serif,futuristic, editorial, tech-meets-tradition, modern, international, balanced,Tech blogs, modern editorial, international content, digital publications,https://fonts.google.com/share?selection.family=Exo+2:wght@300;400;500;600;700|Noto+Serif:wght@400;700,@import url('https://fonts.googleapis.com/css2?family=Exo+2:wght@300;400;500;600;700&family=Noto+Serif:wght@400;700&display=swap');,fontFamily: { sans: ['Exo 2', 'sans-serif'], serif: ['Noto Serif', 'serif'] },Futuristic sans-serif body meets traditional serif headings. Tech + editorial.
139,blog,blog;editorial;article,Thai International,Sans + Serif,Prompt,Source Serif 4,international, Thai-support, Adobe-quality, professional, multilingual, modern,Thai sites, Southeast Asian content, international platforms, multilingual,https://fonts.google.com/share?selection.family=Prompt:wght@300;400;500;600;700|Source+Serif+4:wght@400;500;600;700,@import url('https://fonts.googleapis.com/css2?family=Prompt:wght@300;400;500;600;700&family=Source+Serif+4:wght@400;500;600;700&display=swap');,fontFamily: { sans: ['Prompt', 'sans-serif'], serif: ['Source Serif 4', 'serif'] },Prompt has excellent Thai language support. Source Serif 4 is Adobe quality.
140,education,lms;online-course;student-portal,Learning Clarity,Sans + Sans,Lexend,Inter,education, clear, structured, accessible, readable, learning,LMS, online courses, student portals, training platforms,https://fonts.google.com/share?selection.family=Inter:wght@300;400;500;600;700|Lexend:wght@300;400;500;600;700,@import url('https://fonts.googleapis.com/css2?family=Inter:wght@300;400;500;600;700&family=Lexend:wght@300;400;500;600;700&display=swap');,fontFamily: { heading: ['Lexend', 'sans-serif'], body: ['Inter', 'sans-serif'] },Lexend designed for readability. Perfect for learning content.
141,education,lms;online-course;training-platform,Course Modern,Sans + Sans,Plus Jakarta Sans,DM Sans,modern, clean, education, professional, friendly, course,Online courses, professional training, certification platforms,https://fonts.google.com/share?selection.family=DM+Sans:wght@400;500;700|Plus+Jakarta+Sans:wght@300;400;500;600;700,@import url('https://fonts.googleapis.com/css2?family=DM+Sans:wght@400;500;700&family=Plus+Jakarta+Sans:wght@300;400;500;600;700&display=swap');,fontFamily: { heading: ['Plus Jakarta Sans', 'sans-serif'], body: ['DM Sans', 'sans-serif'] },Modern friendly pairing for course platforms.
142,education,student-portal;quiz-platform;classroom-tool,Structured Learning,Sans + Serif,Rubik,Merriweather,structured, readable, balanced, educational, clear, approachable,Student portals, quiz platforms, educational content,https://fonts.google.com/share?selection.family=Merriweather:wght@300;400;700|Rubik:wght@300;400;500;600;700,@import url('https://fonts.googleapis.com/css2?family=Merriweather:wght@300;400;700&family=Rubik:wght@300;400;500;600;700&display=swap');,fontFamily: { heading: ['Rubik', 'sans-serif'], body: ['Merriweather', 'serif'] },Sans heading with serif body. Great for reading-heavy education.
143,education,tutoring-app;classroom-tool;certification-site,Warm Academic,Serif + Sans,Crimson Pro,Nunito,warm, academic, approachable, scholarly, friendly, readable,Tutoring apps, academic tools, certification sites,https://fonts.google.com/share?selection.family=Crimson+Pro:wght@400;500;600;700|Nunito:wght@300;400;500;600;700,@import url('https://fonts.googleapis.com/css2?family=Crimson+Pro:wght@400;500;600;700&family=Nunito:wght@300;400;500;600;700&display=swap');,fontFamily: { serif: ['Crimson Pro', 'serif'], sans: ['Nunito', 'sans-serif'] },Academic serif heading with friendly sans body.
144,education,lms;training-platform;certification-site,Professional Training,Sans + Sans,Figtree,Source Sans 3,professional, training, corporate, clean, structured, modern,Corporate training, professional development, certification,https://fonts.google.com/share?selection.family=Figtree:wght@300;400;500;600;700|Source+Sans+3:wght@300;400;500;600;700,@import url('https://fonts.googleapis.com/css2?family=Figtree:wght@300;400;500;600;700&family=Source+Sans+3:wght@300;400;500;600;700&display=swap');,fontFamily: { heading: ['Figtree', 'sans-serif'], body: ['Source Sans 3', 'sans-serif'] },Clean professional pairing for corporate education.
145,education,quiz-platform;classroom-tool;student-portal,Playful Learning,Display + Sans,Baloo 2,Quicksand,playful, learning, friendly, colorful, engaging, fun,K-12 education, children's learning, quiz games,https://fonts.google.com/share?selection.family=Baloo+2:wght@400;500;600;700|Quicksand:wght@300;400;500;600;700,@import url('https://fonts.googleapis.com/css2?family=Baloo+2:wght@400;500;600;700&family=Quicksand:wght@300;400;500;600;700&display=swap');,fontFamily: { display: ['Baloo 2', 'sans-serif'], body: ['Quicksand', 'sans-serif'] },Rounded playful fonts perfect for children's education.
146,realestate,property-listing;agent-portfolio;virtual-tour,Property Elegant,Serif + Sans,Playfair Display,Raleway,elegant, property, luxury, real estate, sophisticated, premium,Luxury real estate, property listings, agent portfolios,https://fonts.google.com/share?selection.family=Playfair+Display:wght@400;500;600;700|Raleway:wght@300;400;500;600;700,@import url('https://fonts.googleapis.com/css2?family=Playfair+Display:wght@400;500;600;700&family=Raleway:wght@300;400;500;600;700&display=swap');,fontFamily: { serif: ['Playfair Display', 'serif'], sans: ['Raleway', 'sans-serif'] },Elegant serif for property headings. Raleway for clean details.
147,realestate,property-search;rental-platform;property-management,Property Modern,Sans + Sans,Manrope,Inter,modern, clean, property, professional, reliable, trustworthy,Property search, rental platforms, property management,https://fonts.google.com/share?selection.family=Inter:wght@300;400;500;600;700|Manrope:wght@300;400;500;600;700,@import url('https://fonts.googleapis.com/css2?family=Inter:wght@300;400;500;600;700&family=Manrope:wght@300;400;500;600;700&display=swap');,fontFamily: { heading: ['Manrope', 'sans-serif'], body: ['Inter', 'sans-serif'] },Modern trustworthy pairing for property platforms.
148,realestate,property-listing;home-valuation;virtual-tour,Heritage Home,Serif + Sans,EB Garamond,Montserrat,heritage, traditional, trustworthy, elegant, professional, classic,Traditional real estate, heritage properties, established agencies,https://fonts.google.com/share?selection.family=EB+Garamond:wght@400;500;600;700|Montserrat:wght@300;400;500;600;700,@import url('https://fonts.googleapis.com/css2?family=EB+Garamond:wght@400;500;600;700&family=Montserrat:wght@300;400;500;600;700&display=swap');,fontFamily: { serif: ['EB Garamond', 'serif'], sans: ['Montserrat', 'sans-serif'] },Classic serif authority with geometric sans for details.
149,realestate,rental-platform;real-estate-crm;property-management,Rental Clean,Sans + Sans,Work Sans,Nunito Sans,clean, rental, modern, friendly, approachable, practical,Rental platforms, property management, CRM tools,https://fonts.google.com/share?selection.family=Nunito+Sans:wght@300;400;500;600;700|Work+Sans:wght@300;400;500;600;700,@import url('https://fonts.googleapis.com/css2?family=Nunito+Sans:wght@300;400;500;600;700&family=Work+Sans:wght@300;400;500;600;700&display=swap');,fontFamily: { heading: ['Work Sans', 'sans-serif'], body: ['Nunito Sans', 'sans-serif'] },Friendly modern pairing for rental and management platforms.
150,realestate,agent-portfolio;property-listing;home-valuation,Premium Estate,Display + Sans,Cormorant,Josefin Sans,premium, estate, luxury, sophisticated, refined, upscale,Luxury estates, premium listings, high-end agents,https://fonts.google.com/share?selection.family=Cormorant:wght@400;500;600;700|Josefin+Sans:wght@300;400;500;600;700,@import url('https://fonts.googleapis.com/css2?family=Cormorant:wght@400;500;600;700&family=Josefin+Sans:wght@300;400;500;600;700&display=swap');,fontFamily: { serif: ['Cormorant', 'serif'], sans: ['Josefin Sans', 'sans-serif'] },Cormorant's luxury feel with Josefin's modern elegance.
151,realestate,property-search;rental-platform;property-management,Urban Property,Sans + Sans,Outfit,Open Sans,urban, modern, clean, property, professional, metropolitan,Urban real estate, city apartments, modern developments,https://fonts.google.com/share?selection.family=Open+Sans:wght@300;400;500;600;700|Outfit:wght@300;400;500;600;700,@import url('https://fonts.googleapis.com/css2?family=Open+Sans:wght@300;400;500;600;700&family=Outfit:wght@300;400;500;600;700&display=swap');,fontFamily: { heading: ['Outfit', 'sans-serif'], body: ['Open Sans', 'sans-serif'] },Contemporary geometric pairing for urban real estate.
152,social,social-network;social-feed;member-directory,Social Clean,Sans + Sans,Inter,Nunito Sans,social, clean, feed, readable, friendly, modern,Social networks, feeds, member directories,https://fonts.google.com/share?selection.family=Inter:wght@300;400;500;600;700|Nunito+Sans:wght@300;400;500;600;700,@import url('https://fonts.googleapis.com/css2?family=Inter:wght@300;400;500;600;700&family=Nunito+Sans:wght@300;400;500;600;700&display=swap');,fontFamily: { heading: ['Inter', 'sans-serif'], body: ['Nunito Sans', 'sans-serif'] },Clean readable pairing for content-heavy social feeds.
153,social,community-forum;discussion-board;group-platform,Community Warm,Sans + Sans,Plus Jakarta Sans,Cabin,community, warm, forum, approachable, inviting, discussion,Community forums, discussion boards, group platforms,https://fonts.google.com/share?selection.family=Cabin:wght@400;500;600;700|Plus+Jakarta+Sans:wght@300;400;500;600;700,@import url('https://fonts.googleapis.com/css2?family=Cabin:wght@400;500;600;700&family=Plus+Jakarta+Sans:wght@300;400;500;600;700&display=swap');,fontFamily: { heading: ['Plus Jakarta Sans', 'sans-serif'], body: ['Cabin', 'sans-serif'] },Warm friendly fonts for community engagement.
154,social,messaging-app;social-network;social-feed,Chat Modern,Sans + Sans,DM Sans,Figtree,chat, messaging, modern, clean, compact, readable,Messaging apps, chat interfaces, modern social platforms,https://fonts.google.com/share?selection.family=DM+Sans:wght@400;500;700|Figtree:wght@300;400;500;600;700,@import url('https://fonts.googleapis.com/css2?family=DM+Sans:wght@400;500;700&family=Figtree:wght@300;400;500;600;700&display=swap');,fontFamily: { heading: ['DM Sans', 'sans-serif'], body: ['Figtree', 'sans-serif'] },Compact readable fonts ideal for chat-heavy interfaces.
155,social,event-community;group-platform;member-directory,Event Social,Sans + Sans,Manrope,Karla,event, social, vibrant, modern, engaging, community,Event communities, group platforms, social events,https://fonts.google.com/share?selection.family=Karla:wght@300;400;500;600;700|Manrope:wght@300;400;500;600;700,@import url('https://fonts.googleapis.com/css2?family=Karla:wght@300;400;500;600;700&family=Manrope:wght@300;400;500;600;700&display=swap');,fontFamily: { heading: ['Manrope', 'sans-serif'], body: ['Karla', 'sans-serif'] },Distinctive heading with clean body for event platforms.
156,social,social-network;community-forum;discussion-board,Forum Readable,Sans + Serif,Lato,Noto Serif,readable, forum, discussion, balanced, professional, trustworthy,Discussion forums, professional communities, Q&A platforms,https://fonts.google.com/share?selection.family=Lato:wght@300;400;700|Noto+Serif:wght@400;700,@import url('https://fonts.googleapis.com/css2?family=Lato:wght@300;400;700&family=Noto+Serif:wght@400;700&display=swap');,fontFamily: { sans: ['Lato', 'sans-serif'], serif: ['Noto Serif', 'serif'] },Sans heading with serif body for readable long-form discussions.
157,social,social-feed;member-directory;group-platform,Feed Friendly,Sans + Sans,Quicksand,Open Sans,friendly, social, rounded, approachable, modern, light,Casual social networks, hobby communities, interest groups,https://fonts.google.com/share?selection.family=Open+Sans:wght@300;400;500;600;700|Quicksand:wght@300;400;500;600;700,@import url('https://fonts.googleapis.com/css2?family=Open+Sans:wght@300;400;500;600;700&family=Quicksand:wght@300;400;500;600;700&display=swap');,fontFamily: { heading: ['Quicksand', 'sans-serif'], body: ['Open Sans', 'sans-serif'] },Rounded friendly heading with universal readable body.
158,food,restaurant-site;menu-display;reservation-system,Culinary Elegant,Serif + Sans,Cormorant Garamond,Karla,culinary, elegant, restaurant, refined, menu, dining,Fine dining, upscale restaurants, wine bars,https://fonts.google.com/share?selection.family=Cormorant+Garamond:wght@400;500;600;700|Karla:wght@300;400;500;600;700,@import url('https://fonts.googleapis.com/css2?family=Cormorant+Garamond:wght@400;500;600;700&family=Karla:wght@300;400;500;600;700&display=swap');,fontFamily: { serif: ['Cormorant Garamond', 'serif'], sans: ['Karla', 'sans-serif'] },Elegant serif for menu headers with clean sans for descriptions.
159,food,food-ordering;food-delivery;catering-service,Ordering Clean,Sans + Sans,Poppins,Nunito Sans,clean, ordering, delivery, modern, friendly, practical,Food delivery, online ordering, catering services,https://fonts.google.com/share?selection.family=Nunito+Sans:wght@300;400;500;600;700|Poppins:wght@400;500;600;700,@import url('https://fonts.googleapis.com/css2?family=Nunito+Sans:wght@300;400;500;600;700&family=Poppins:wght@400;500;600;700&display=swap');,fontFamily: { heading: ['Poppins', 'sans-serif'], body: ['Nunito Sans', 'sans-serif'] },Friendly readable fonts for ordering interfaces.
160,food,recipe-platform;food-blog;restaurant-site,Recipe Editorial,Serif + Sans,Lora,Fira Sans,editorial, recipe, warm, readable, cooking, food blog,Recipe sites, food blogs, culinary magazines,https://fonts.google.com/share?selection.family=Fira+Sans:wght@300;400;500;600;700|Lora:wght@400;500;600;700,@import url('https://fonts.googleapis.com/css2?family=Fira+Sans:wght@300;400;500;600;700&family=Lora:wght@400;500;600;700&display=swap');,fontFamily: { serif: ['Lora', 'serif'], sans: ['Fira Sans', 'sans-serif'] },Warm serif heading with technical sans for recipe details.
161,food,restaurant-site;menu-display;catering-service,Bistro Charm,Display + Sans,Playfair Display SC,Source Sans 3,bistro, charming, menu, elegant, French, sophisticated,Bistros, French restaurants, upscale cafes,https://fonts.google.com/share?selection.family=Playfair+Display+SC:wght@400;700|Source+Sans+3:wght@300;400;500;600;700,@import url('https://fonts.googleapis.com/css2?family=Playfair+Display+SC:wght@400;700&family=Source+Sans+3:wght@300;400;500;600;700&display=swap');,fontFamily: { display: ['Playfair Display SC', 'serif'], sans: ['Source Sans 3', 'sans-serif'] },Small caps for menu headers. Source Sans for item descriptions.
162,food,food-ordering;food-delivery;restaurant-site,Casual Dining,Sans + Sans,Rubik,Open Sans,casual, dining, friendly, modern, approachable, warm,Casual restaurants, diners, fast-casual chains,https://fonts.google.com/share?selection.family=Open+Sans:wght@300;400;500;600;700|Rubik:wght@300;400;500;600;700,@import url('https://fonts.googleapis.com/css2?family=Open+Sans:wght@300;400;500;600;700&family=Rubik:wght@300;400;500;600;700&display=swap');,fontFamily: { heading: ['Rubik', 'sans-serif'], body: ['Open Sans', 'sans-serif'] },Rounded modern heading with universal body. Perfect for casual food.
163,food,restaurant-site;reservation-system;menu-display,Artisan Food,Display + Serif,Amatic SC,Merriweather,artisan, handcrafted, organic, farm-to-table, rustic, natural,Farm-to-table restaurants, artisan bakeries, organic cafes,https://fonts.google.com/share?selection.family=Amatic+SC:wght@400;700|Merriweather:wght@300;400;700,@import url('https://fonts.googleapis.com/css2?family=Amatic+SC:wght@400;700&family=Merriweather:wght@300;400;700&display=swap');,fontFamily: { display: ['Amatic SC', 'sans-serif'], body: ['Merriweather', 'serif'] },Handwritten display for artisan feel with readable serif body.
164,travel,booking-platform;hotel-booking;vacation-rental,Travel Trust,Sans + Sans,Manrope,Inter,travel, trustworthy, booking, clean, professional, reliable,Booking platforms, hotel reservations, vacation rentals,https://fonts.google.com/share?selection.family=Inter:wght@300;400;500;600;700|Manrope:wght@300;400;500;600;700,@import url('https://fonts.googleapis.com/css2?family=Inter:wght@300;400;500;600;700&family=Manrope:wght@300;400;500;600;700&display=swap');,fontFamily: { heading: ['Manrope', 'sans-serif'], body: ['Inter', 'sans-serif'] },Clean trustworthy pairing for booking interfaces.
165,travel,travel-planner;itinerary-builder;tour-operator,Wanderlust,Serif + Sans,Playfair Display,DM Sans,wanderlust, aspirational, elegant, travel, adventure, premium,Luxury travel, tour operators, travel magazines,https://fonts.google.com/share?selection.family=DM+Sans:wght@400;500;700|Playfair+Display:wght@400;500;600;700,@import url('https://fonts.googleapis.com/css2?family=DM+Sans:wght@400;500;700&family=Playfair+Display:wght@400;500;600;700&display=swap');,fontFamily: { serif: ['Playfair Display', 'serif'], sans: ['DM Sans', 'sans-serif'] },Aspirational serif heading with modern sans for trip details.
166,travel,flight-search;booking-platform;hotel-booking,Booking Efficient,Sans + Sans,Barlow,Work Sans,efficient, booking, compact, modern, functional, clean,Flight search, price comparison, booking engines,https://fonts.google.com/share?selection.family=Barlow:wght@300;400;500;600;700|Work+Sans:wght@300;400;500;600;700,@import url('https://fonts.googleapis.com/css2?family=Barlow:wght@300;400;500;600;700&family=Work+Sans:wght@300;400;500;600;700&display=swap');,fontFamily: { heading: ['Barlow', 'sans-serif'], body: ['Work Sans', 'sans-serif'] },Space-efficient pairing for data-heavy booking interfaces.
167,travel,travel-blog;tour-operator;vacation-rental,Adventure Story,Sans + Serif,Outfit,Lora,adventure, story, warm, editorial, travel blog, exploration,Travel blogs, adventure tours, editorial travel content,https://fonts.google.com/share?selection.family=Lora:wght@400;500;600;700|Outfit:wght@300;400;500;600;700,@import url('https://fonts.googleapis.com/css2?family=Lora:wght@400;500;600;700&family=Outfit:wght@300;400;500;600;700&display=swap');,fontFamily: { heading: ['Outfit', 'sans-serif'], body: ['Lora', 'serif'] },Modern heading with warm serif body for travel storytelling.
168,travel,hotel-booking;vacation-rental;itinerary-builder,Resort Luxury,Serif + Sans,Cormorant,Raleway,resort, luxury, premium, elegant, vacation, upscale,Luxury resorts, premium hotels, high-end vacation rentals,https://fonts.google.com/share?selection.family=Cormorant:wght@400;500;600;700|Raleway:wght@300;400;500;600;700,@import url('https://fonts.googleapis.com/css2?family=Cormorant:wght@400;500;600;700&family=Raleway:wght@300;400;500;600;700&display=swap');,fontFamily: { serif: ['Cormorant', 'serif'], sans: ['Raleway', 'sans-serif'] },Luxury serif heading with elegant sans for resort details.
169,travel,booking-platform;flight-search;travel-planner,Global Travel,Sans + Sans,Noto Sans,Open Sans,global, multilingual, accessible, universal, travel, international,International travel platforms, multilingual booking sites,https://fonts.google.com/share?selection.family=Noto+Sans:wght@300;400;500;700|Open+Sans:wght@300;400;500;600;700,@import url('https://fonts.googleapis.com/css2?family=Noto+Sans:wght@300;400;500;700&family=Open+Sans:wght@300;400;500;600;700&display=swap');,fontFamily: { heading: ['Noto Sans', 'sans-serif'], body: ['Open Sans', 'sans-serif'] },Universal language support for international travel platforms.
170,nonprofit,charity-site;donation-platform;ngo-site,Mission Clear,Sans + Sans,Lexend,Source Sans 3,mission, clear, accessible, trustworthy, readable, inclusive,Charities, NGOs, donation platforms,https://fonts.google.com/share?selection.family=Lexend:wght@300;400;500;600;700|Source+Sans+3:wght@300;400;500;600;700,@import url('https://fonts.googleapis.com/css2?family=Lexend:wght@300;400;500;600;700&family=Source+Sans+3:wght@300;400;500;600;700&display=swap');,fontFamily: { heading: ['Lexend', 'sans-serif'], body: ['Source Sans 3', 'sans-serif'] },Lexend for readability. Source Sans for accessible body text.
171,nonprofit,government-portal;public-service;advocacy-site,Civic Trust,Sans + Sans,Public Sans,Atkinson Hyperlegible,civic, government, accessible, trustworthy, authoritative, clear,Government portals, public services, civic platforms,https://fonts.google.com/share?selection.family=Atkinson+Hyperlegible:wght@400;700|Public+Sans:wght@300;400;500;600;700,@import url('https://fonts.googleapis.com/css2?family=Atkinson+Hyperlegible:wght@400;700&family=Public+Sans:wght@300;400;500;600;700&display=swap');,fontFamily: { heading: ['Public Sans', 'sans-serif'], body: ['Atkinson Hyperlegible', 'sans-serif'] },Government-grade accessibility. Both designed for public use.
172,nonprofit,volunteer-platform;charity-site;ngo-site,Compassion Warm,Sans + Sans,Nunito,Cabin,compassion, warm, friendly, approachable, nonprofit, volunteer,Volunteer platforms, community charities, outreach programs,https://fonts.google.com/share?selection.family=Cabin:wght@400;500;600;700|Nunito:wght@300;400;500;600;700,@import url('https://fonts.googleapis.com/css2?family=Cabin:wght@400;500;600;700&family=Nunito:wght@300;400;500;600;700&display=swap');,fontFamily: { heading: ['Nunito', 'sans-serif'], body: ['Cabin', 'sans-serif'] },Rounded warm fonts that convey compassion and approachability.
173,nonprofit,donation-platform;advocacy-site;grant-management,Impact Professional,Serif + Sans,Crimson Pro,Lato,professional, impact, trustworthy, serious, authoritative, credible,Impact organizations, advocacy groups, grant management,https://fonts.google.com/share?selection.family=Crimson+Pro:wght@400;500;600;700|Lato:wght@300;400;700,@import url('https://fonts.googleapis.com/css2?family=Crimson+Pro:wght@400;500;600;700&family=Lato:wght@300;400;700&display=swap');,fontFamily: { serif: ['Crimson Pro', 'serif'], sans: ['Lato', 'sans-serif'] },Scholarly serif heading conveys authority. Lato for friendly body.
174,nonprofit,charity-site;ngo-site;volunteer-platform,Accessible Friendly,Sans + Sans,Figtree,Noto Sans,accessible, friendly, inclusive, readable, warm, clear,Inclusive nonprofits, accessibility-focused organizations,https://fonts.google.com/share?selection.family=Figtree:wght@300;400;500;600;700|Noto+Sans:wght@300;400;500;700,@import url('https://fonts.googleapis.com/css2?family=Figtree:wght@300;400;500;600;700&family=Noto+Sans:wght@300;400;500;700&display=swap');,fontFamily: { heading: ['Figtree', 'sans-serif'], body: ['Noto Sans', 'sans-serif'] },Clean accessible pairing with universal language support.
175,nonprofit,government-portal;public-service;grant-management,Official Modern,Sans + Sans,IBM Plex Sans,Inter,official, modern, government, professional, structured, clean,Modern government sites, official portals, public agencies,https://fonts.google.com/share?selection.family=IBM+Plex+Sans:wght@300;400;500;600;700|Inter:wght@300;400;500;600;700,@import url('https://fonts.googleapis.com/css2?family=IBM+Plex+Sans:wght@300;400;500;600;700&family=Inter:wght@300;400;500;600;700&display=swap');,fontFamily: { heading: ['IBM Plex Sans', 'sans-serif'], body: ['Inter', 'sans-serif'] },IBM professional heading with Inter's universal readability.
